accession_id,accession_name,accession_cs_number,accession_longitude,accession_latitude,accession_country,AT2G16280,AT1G20330,AT3G05630,AT3G11170,AT3G11210,AT3G19260,AT3G56040,AT3G56080,AT4G11830,AT4G17600,AT4G23700,AT4G23710,AT5G16230,AT5G16240,AT5G22500,AT5G59590,Mean Temperature of Coldest Quarter,Mean Temperature of Warmest Quarter,Max Temperature of Warmest Month,Min Temperature of Coldest Month,Mean Temperature of Wettest Quarter,Mean Temperature of Driest Quarter,Maximum temperature average within growing season,Minimum temperature average within growing season,Maximum Temperature of January,Maximum Temperature of October,Maximum Temperature of November,Maximum Temperature of December,Maximum Temperature of Februrary,Maximum Temperature of March,Maximum Temperature of April,Maximum Temperature of May,Maximum Temperature of June,Maximum Temperature of July,Maximum Temperature of August,Maximum Temperature of September,Minimum Temperature of January,Minimum Temperature of October,Minimum Temperature of November,Minimum Temperature of December,Minimum Temperature of Februrary,Minimum Temperature of March,Minimum Temperature of April,Minimum Temperature of May,Minimum Temperature of June,Minimum Temperature of July,Minimum Temperature of August,Minimum Temperature of September
159,MAR2-3,CS77070,3.93333,47.35,France,3567,3997,135,12507,185,430,3061,627,952,4753,97,1126,48,226,619,2,56,63,218,173,210,71,88,22,45,144,88,53,57,111,143,181,210,232,228,198,-11,65,29,1,-7,22,46,80,112,131,129,108
265,PYL-6,CS77198,-1.16667,44.65,France,2688,4030,97,12222,563,319,2461,1025,14,3650,16,1382,18,322,829,29,74,95,358,207,330,107,101,27,101,187,134,103,110,150,169,196,228,247,252,231,27,91,57,34,28,50,69,98,130,147,146,130
403,Zdarec3,CS78873,16.2667,49.3667,Czech Republic,4866,4967,234,19972,522,339,3174,1740,579,5866,212,1359,17,459,842,13,32,29,244,90,94,29,125,24,-1,127,56,13,20,69,125,177,206,225,223,182,-57,39,-1,-37,-44,-14,24,68,99,113,112,81
763,Kar-1,CS76522,74.3667,42.3,Kyrgyzstan,4422,5023,130,26538,133,961,2105,652,901,2637,75,743,17,348,171,53,41,24,199,67,67,19,128,16,-104,77,-11,-76,0,-21,78,128,175,212,207,156,-206,-39,-105,-166,-187,-108,-27,16,49,74,63,16
768,Zal-1,CS76634,76.35,42.8,Kyrgyzstan,1881,2668,270,9180,158,1361,1937,230,653,2262,1117,1182,17,368,735,7,16,9,145,24,24,6,113,7,-126,60,-32,5,-113,-40,62,113,157,193,191,140,-226,-49,-122,-187,-210,-126,-41,7,41,66,57,10
4958,UKSW06-360,CS78814,-4.5,50.5,UK,3618,4096,238,12751,345,436,2176,492,986,4566,43,1264,18,344,593,2,89,92,366,188,341,123,70,21,70,138,100,80,71,88,114,144,174,192,191,169,21,84,47,30,22,32,51,80,109,127,127,108
5151,UKSE06-325,CS78801,-1.7,52.2,UK,3619,5313,211,11667,185,321,1979,133,992,3242,21,1120,23,425,748,4,46,38,165,127,148,52,74,17,63,142,97,74,67,95,125,158,192,209,204,180,4,69,37,17,8,23,45,71,100,116,114,95
5349,UKSE06-639,CS78807,0.4,51.1,UK,5580,3684,1199,17110,310,534,1312,380,973,1702,74,1439,24,294,976,14,55,43,221,141,188,74,70,11,66,146,101,74,70,97,124,163,197,217,213,188,8,72,38,18,11,22,45,75,106,124,120,100
5353,UKNW06-003,CS78792,-3,54.5,UK,2747,3258,91,9401,377,603,2701,647,2012,2153,6,1774,48,249,262,0,118,101,457,256,411,150,87,9,25,102,58,34,31,55,87,123,156,168,163,135,-27,36,1,-17,-25,-8,9,38,69,86,82,63
5486,UKNW06-233,CS78794,-3.3,54.6,UK,3490,3824,251,7618,283,577,1661,305,738,2630,129,1096,26,295,1372,12,79,70,335,195,286,105,78,12,48,123,79,55,55,78,110,145,175,186,181,154,-5,56,21,2,-3,12,31,59,90,106,101,82
5577,UKNW06-403,CS78797,-3.4,54.7,UK,2334,3328,93,10942,294,503,2327,484,607,3583,47,1279,32,274,479,6,76,68,325,187,276,101,81,15,51,126,82,58,58,81,113,147,177,187,183,157,-2,59,23,5,-1,15,33,61,92,107,103,85
5741,For-2,CS78783,-4.1,56.6,UK,3464,4710,71,7497,253,532,1521,820,871,2386,78,1674,34,418,566,4,126,112,481,248,449,168,80,4,22,98,59,34,29,58,80,116,158,173,166,130,-33,31,-2,-21,-33,-8,4,35,75,93,88,58
5768,UKID63,CS78786,-1.5,54.1,UK,2873,3481,78,10913,357,472,2848,370,476,4596,29,969,15,347,663,3,49,44,185,141,164,59,70,15,62,137,93,70,65,91,119,154,186,201,198,173,7,67,33,15,7,22,40,67,98,115,112,94
5772,Set-1,CS78787,-2.3,54.1,UK,2490,3161,59,7567,274,526,2875,886,2956,3206,156,1437,26,380,830,9,111,92,424,239,380,139,76,10,47,124,80,55,51,76,106,144,175,187,183,158,-6,56,22,2,-5,10,28,58,89,105,101,84
5779,UKID74,CS78789,-3.1,51,UK,3310,4280,167,11162,366,554,1313,212,753,3181,140,1572,25,522,1486,25,71,72,286,174,267,97,68,14,61,131,93,72,68,89,119,150,185,203,196,168,10,70,36,19,14,24,45,73,107,124,119,98
5784,Ty-1,CS78790,-5.2,56.4,UK,3040,3481,145,8103,249,558,1594,842,84,2015,58,1840,21,429,947,9,167,143,652,304,593,218,78,16,49,113,79,61,53,78,104,142,173,180,176,147,-3,53,22,8,-4,16,32,66,98,109,106,83
5800,UKID96,CS78791,-5.5,57.4,UK,2281,3609,85,7140,244,458,1493,297,714,3786,79,1431,33,348,582,37,131,110,518,246,460,167,77,17,54,116,81,64,56,77,100,135,164,170,170,143,2,58,25,12,0,17,32,65,95,106,105,83
5811,UKID107,CS78778,-3.1,52.9,UK,2817,3234,117,9242,438,380,2436,426,570,3824,42,1143,13,281,1177,27,80,71,316,206,279,96,73,11,41,116,73,54,46,73,103,138,169,181,177,152,-8,52,20,5,,11,29,59,89,106,103,83
6008,Duk,CS76824,16.2,49.1,Czech Republic,2651,5393,123,8531,431,289,4267,2330,1880,2850,330,915,20,424,1311,38,33,29,232,91,93,29,134,31,5,134,63,20,29,79,137,188,217,237,234,192,-51,43,3,-31,-38,-7,31,75,107,121,120,86
6025,Gro-3,CS76889,17.7339,62.6437,Sweden,3005,2163,167,7452,106,630,2899,231,1783,1781,602,1065,15,200,101,0,43,40,217,125,152,51,78,10,-47,78,10,-26,-34,9,58,125,181,198,184,135,-126,10,-47,8,-123,-79,-26,23,79,105,93,54
6097,T1070,CS77291,13.2264,55.6481,Sweden,4916,3353,59,10119,223,455,4945,419,947,3528,79,1255,16,238,190,6,43,34,195,113,152,55,69,15,23,119,69,36,25,51,93,148,191,203,200,164,-22,68,15,-1,-26,-7,24,72,113,132,127,101
6099,T1090,CS77293,13.2386,55.6575,Sweden,2994,4516,160,7228,257,203,2646,398,5,4008,17,1467,8,178,128,3,43,34,195,113,152,55,69,15,23,119,69,36,25,51,93,148,191,203,200,164,-22,68,15,-1,-26,-7,24,72,113,132,127,101
6106,T460,CS77298,13.1186,55.7931,Sweden,4783,4847,118,12241,240,494,3589,702,149,3284,47,1030,19,282,662,1,42,35,202,115,153,55,69,13,23,118,69,35,25,51,94,148,190,203,199,163,-25,66,13,-1,-29,,24,73,113,132,127,100
6107,T470,CS77299,13.1222,55.7942,Sweden,6576,6311,347,11236,123,539,2057,508,685,3798,51,1194,4,253,612,2,42,35,202,115,153,55,69,13,23,118,69,35,25,51,94,148,190,203,199,163,-25,66,13,-1,-29,,24,73,113,132,127,100
6108,T480,CS77300,13.1206,55.7989,Sweden,3472,7352,82,14378,405,200,3907,440,16,3718,17,1154,23,343,795,0,42,35,202,115,153,55,69,13,23,118,69,35,25,51,94,148,190,203,199,163,-25,66,13,-1,-29,,24,73,113,132,127,100
6111,T530,CS77302,13.1219,55.7989,Sweden,4075,3534,137,9047,170,302,4895,1436,824,4213,10,1222,7,389,340,1,42,35,202,115,153,55,69,13,23,118,69,35,25,51,94,148,190,203,199,163,-25,66,13,-1,-29,,24,73,113,132,127,100
6133,T800,CS77317,13.2906,55.8364,Sweden,5101,6604,65,15288,250,257,3444,547,664,2824,19,1056,12,300,289,0,45,37,209,121,163,59,91,21,21,115,66,32,22,48,91,146,188,201,197,160,-27,64,12,-5,-31,-12,21,70,110,129,124,97
6137,T850,CS77320,13.5603,55.9419,Sweden,4570,5568,180,15005,340,327,2459,1024,915,3755,47,1036,12,436,622,9,47,38,212,124,167,61,88,18,19,113,63,30,20,46,88,144,186,200,195,158,-28,62,12,,-32,-13,18,66,107,127,122,95
6138,T860,CS77321,13.5511,55.9403,Sweden,4996,4839,178,10472,201,426,1379,484,521,2547,47,1314,9,420,461,4,47,38,212,124,167,61,88,18,19,113,63,30,20,46,88,144,186,200,195,158,-28,62,12,,-32,-13,18,66,107,127,122,95
6140,T880,CS77322,13.5539,55.9392,Sweden,4192,3132,299,9704,299,448,1898,753,707,2077,11,1326,6,479,349,3,47,38,212,124,167,61,88,18,19,113,63,30,20,46,88,144,186,200,195,158,-28,62,12,,-32,-13,18,66,107,127,122,95
6145,T930,CS77324,13.5533,55.9497,Sweden,2743,2844,124,12975,291,347,2355,673,698,2152,10,991,12,307,211,1,47,38,212,124,167,61,88,18,19,113,63,30,20,46,88,144,186,200,195,158,-28,62,12,,-32,-13,18,66,107,127,122,95
6148,T960,CS77325,13.5508,55.9319,Sweden,2691,4637,397,11103,202,231,2548,656,688,3818,188,1638,23,178,150,1,47,38,212,124,167,61,88,18,19,113,63,30,20,46,88,144,186,200,195,158,-28,62,12,,-32,-13,18,66,107,127,122,95
6169,TAD 01,CS77333,18.3447,62.8714,Sweden,5076,6227,84,19706,203,421,2640,240,919,5650,21,1131,31,235,242,7,38,37,206,114,145,48,79,14,-49,79,14,-23,-38,9,60,129,186,206,191,139,-126,14,-44,6,-123,-79,-23,29,87,115,103,61
6174,TAD 06,CS77337,18.3422,62.8719,Sweden,5966,8329,116,15092,205,354,2382,229,1133,4774,41,913,12,259,150,3,38,37,206,114,145,48,79,14,-49,79,14,-23,-38,9,60,129,186,206,191,139,-126,14,-44,6,-123,-79,-23,29,87,115,103,61
6177,TAL 03,CS77338,17.69,62.6322,Sweden,4368,5428,121,19961,299,380,2392,890,656,5358,13,1055,14,333,84,2,43,40,219,125,152,52,77,9,-49,77,8,-28,-35,8,57,124,180,197,183,133,-129,9,-50,-101,-125,-80,-27,21,77,103,92,52
6194,TDr-8,CS77355,14.1342,55.7706,Sweden,2237,2741,237,13132,370,644,2421,1245,556,2654,185,1340,34,455,1154,8,38,34,186,108,142,52,65,18,19,114,65,32,19,43,86,140,184,199,198,159,-22,66,21,-5,-26,,18,64,107,128,128,99
6195,TDr-9,CS77356,14.1342,55.7708,Sweden,2311,2524,278,6895,497,498,2281,1100,588,1746,32,1401,19,270,1339,22,38,34,186,108,142,52,65,18,19,114,65,32,19,43,86,140,184,199,198,159,-22,66,21,-5,-26,,18,64,107,128,128,99
6198,TDr-13,CS77347,14.1331,55.7708,Sweden,4867,4457,110,12200,190,509,3456,626,991,5167,15,1229,16,215,680,0,38,34,186,108,142,52,65,18,19,114,65,32,19,43,86,140,184,199,198,159,-22,66,21,-5,-26,,18,64,107,128,128,99
6201,TDr-16,CS77348,14.1211,55.7719,Sweden,4115,6361,147,30850,149,538,2337,1123,598,4312,179,1226,14,283,131,16,39,35,191,110,147,54,63,17,17,112,63,30,17,42,85,139,182,198,196,157,-23,64,19,-7,-28,-11,17,63,106,127,126,97
6203,TDr-18,CS77350,14.1208,55.7714,Sweden,2319,3785,244,20078,131,508,1896,289,970,2125,5233,1283,51,259,104,11,39,35,191,110,147,54,63,17,17,112,63,30,17,42,85,139,182,198,196,157,-23,64,19,-7,-28,-11,17,63,106,127,126,97
6217,TFA 07,CS77363,18.3283,63.0169,Sweden,1694,2902,136,17873,296,770,2470,241,682,2175,1118,1309,14,231,260,9,38,36,204,112,141,47,78,13,-51,78,12,-25,-38,9,60,129,187,206,190,137,-129,13,-47,-100,-125,-80,-24,28,87,114,101,59
6218,TFA 08,CS77364,18.3283,63.0172,Sweden,1870,2594,195,16508,468,581,2438,265,714,2159,148,1024,17,282,153,4,38,36,204,112,141,47,78,13,-51,78,12,-25,-38,9,60,129,187,206,190,137,-129,13,-47,-100,-125,-80,-24,28,87,114,101,59
6680,ANH-1,CS76437,6.4333,51.85,GER,2599,3706,235,7975,563,408,2028,945,1727,2190,42,1250,27,449,1823,14,58,46,223,154,182,63,87,32,42,146,87,54,53,91,133,178,210,222,221,193,-5,70,33,8,-4,32,42,79,110,126,125,103
6979,Wei-0,CS76628,8.26,47.25,SUI,1925,4868,78,6879,89,173,2640,710,549,3508,18,1967,27,317,323,18,72,72,413,218,221,74,78,3,21,129,70,33,39,78,120,164,198,221,211,181,-30,57,10,-18,-21,3,33,72,104,124,119,96
6989,Alst-1,CS76432,-2.4333,54.8,UK,2785,4249,148,20746,494,352,4266,1508,1007,4465,89,968,19,393,1209,64,87,73,322,202,288,107,70,11,37,113,70,46,42,67,98,133,166,179,173,147,-17,45,11,-7,-16,1,19,46,78,94,89,71
6992,Ang-0,CS76436,5.3,50.3,Belgium,2913,3971,157,10148,270,447,3360,348,1364,3334,129,1085,59,338,562,5,68,68,247,200,227,77,75,10,36,137,75,44,53,88,127,172,205,216,214,187,-13,61,23,-1,-4,10,36,72,103,118,118,95
7013,Bd-0,CS76445,13.287,52.4584,GER,4544,4595,173,11956,300,341,2213,999,1126,3990,26,717,27,834,3055,55,36,36,189,114,131,43,70,19,17,131,70,32,30,79,136,191,223,238,234,194,-33,66,19,-13,-29,0,38,79,113,133,127,94
7028,Bch-1,CS76444,9.3166,49.5166,GER,4296,6139,159,25257,322,409,2083,744,80,3832,13,768,18,275,1302,4,49,47,233,148,160,52,73,3,23,142,73,39,42,93,144,188,220,235,229,201,-29,54,15,-11,-23,3,39,76,111,127,123,95
7102,Do-0,CS76474,8.2372,50.7224,GER,1855,2076,279,16942,499,917,1651,643,850,2890,237,1257,11,367,1154,35,72,57,236,184,222,79,121,31,17,122,61,30,32,73,121,164,198,212,206,177,-28,53,13,-13,-22,-1,31,68,101,115,114,88
7106,Dr-0,CS78897,13.7336,51.051,GER,4797,4313,140,20600,300,598,2766,995,795,3561,147,887,12,438,1979,13,37,32,213,103,110,34,69,20,16,134,69,32,33,76,131,184,219,235,231,189,-30,63,20,-11,-25,0,38,82,117,134,130,99
7164,Hau-0,CS76915,12.5686,55.675,DEN,2712,4178,105,20135,411,327,3453,62,608,3478,21,1212,5,296,75,0,39,34,192,113,141,50,74,17,25,124,74,39,27,55,103,159,197,211,210,170,-17,70,17,5,-19,-3,29,77,115,133,131,103
7165,Hn-0,CS76513,8.28844,51.3472,GER,5009,6038,126,18229,565,406,2931,1013,834,5936,75,1335,26,550,3086,8,78,67,269,207,256,92,118,31,19,121,62,33,32,69,118,162,194,207,200,172,-24,54,14,,-12,0,31,70,101,114,113,87
7169,Hh-0,CS76512,9.88682,54.4175,GER,5467,5266,105,18337,298,573,1814,159,1091,2947,30,1089,19,644,99,0,49,46,233,143,186,65,69,26,25,124,69,38,28,55,103,154,191,204,198,173,-14,65,26,0,-18,0,30,70,104,124,122,96
7186,Kn-0,CS76969,23.8924,54.8969,Lithuania,3551,5150,149,15394,307,185,2914,1144,893,3753,9,2297,17,242,170,0,34,28,217,99,112,37,107,19,-25,107,42,-1,-13,33,111,180,214,224,219,170,-78,39,-1,-47,-74,-39,19,71,106,121,116,80
7218,Le-0,CS76540,4.49015,52.1611,NED,3736,2704,268,19314,233,921,1864,636,848,2984,453,1009,28,331,466,31,57,47,240,149,186,67,81,20,50,144,92,61,56,81,87,158,188,205,207,183,2,81,41,15,3,20,45,81,110,129,131,110
7244,Mnz-0,CS76552,8.26664,50.001,GER,3065,3193,173,22663,300,968,2523,890,1011,5016,124,1349,29,439,2787,25,32,32,176,100,116,38,78,13,31,141,78,42,50,99,148,193,225,241,232,200,-17,59,24,-4,-7,13,47,84,119,134,130,102
7250,Me-0,CS76549,10.1138,51.9183,GER,4477,5401,372,21583,175,174,3928,1906,74,3737,48,679,6,218,170,1,48,49,231,150,166,53,71,19,23,132,71,37,34,75,126,172,207,217,215,183,-27,52,19,-10,-28,-4,28,66,99,117,113,85
7282,Or-0,CS76568,8.01161,50.3827,GER,2148,4345,155,8048,351,371,2908,297,834,3691,62,1581,24,216,706,17,46,40,189,128,148,50,76,10,30,137,76,43,47,92,140,185,218,232,225,196,-17,59,24,-3,-11,10,44,80,114,128,125,99
7288,Oy-0,CS77156,6.193019,60.385543,Norway,3358,2780,95,8950,394,539,2558,1276,954,2971,202,1292,22,432,946,23,171,164,851,371,690,230,76,13,16,93,50,26,15,39,76,128,158,173,169,134,-26,46,8,-16,-30,-12,13,52,84,103,104,77
7296,Petergof,CS77170,29,59,Russia,2669,2341,562,7071,267,589,1444,1516,654,1144,255,969,21,185,1245,103,35,29,238,102,119,38,80,0,-51,80,14,-25,-43,5,82,160,205,220,203,145,-106,25,-24,-73,-106,-66,0,58,106,125,113,69
7316,Rhen-1,CS78916,5.56667,51.9667,NED,3392,3718,98,14308,173,508,2729,974,2448,3904,187,1095,21,291,364,3,59,49,218,156,193,69,85,15,45,142,85,54,54,85,121,169,200,213,213,186,-8,68,31,5,-7,15,37,75,103,121,119,97
7346,Sten-0,CS77277,11.8558,52.6058,GER,2500,2670,112,8932,1167,597,2007,644,694,2341,90,1263,21,620,2774,12,35,32,175,105,112,38,72,22,24,131,72,37,35,77,127,182,215,230,227,187,-24,58,22,-8,-22,0,34,77,113,132,127,95
7353,Tha-1,CS76611,4.3,52.08,NED,3068,4034,212,8751,370,463,3217,1370,666,3641,3,1382,24,424,729,15,56,47,237,148,185,66,82,22,50,145,93,61,57,82,90,158,188,205,207,183,3,83,43,16,5,22,47,83,112,131,132,112
7354,Ting-1,CS76612,14.9,56.5,Sweden,5440,3616,220,17156,247,354,3425,1131,629,3904,67,1053,32,257,607,2,40,37,196,115,148,53,91,8,7,106,53,20,9,39,91,151,191,206,200,155,-36,52,11,-21,-41,-21,8,53,96,117,115,85
7372,Tscha-1,CS76616,9.9042,47.0748,Austria,2950,2561,159,10442,219,531,2387,369,1008,2622,81,1169,21,510,1114,9,58,57,388,178,191,63,91,2,5,111,53,13,18,53,91,136,169,192,186,160,-70,28,-17,-55,-62,-32,2,42,74,95,91,68
7384,Ven-1,CS76624,5.55,52.0333,NED,4994,3112,141,10041,194,706,1994,602,684,2433,82,1146,22,285,793,2,58,49,217,154,191,68,86,16,45,143,86,55,55,86,121,170,201,214,214,187,-7,69,31,6,-6,16,38,76,104,122,119,98
7404,Wc-1,CS76627,10.0667,52.6,GER,4121,4095,83,15175,612,372,2853,885,773,4556,10,1490,27,536,1755,34,45,38,208,130,142,48,76,22,31,134,76,41,40,80,130,182,215,227,223,187,-21,54,22,-8,-22,-1,30,70,104,122,116,87
8231,BrA1-6,CS76726,16,56.3,Sweden,5372,4965,232,17061,80,562,1491,422,101,3187,27,1268,17,338,677,5,32,31,172,95,119,41,63,18,12,117,63,30,13,45,95,153,195,212,207,165,-26,64,24,,-31,-11,18,62,107,131,129,100
8234,Gul1-2,CS76896,15.8127,56.4606,Sweden,3380,3627,170,14864,289,397,1909,423,1249,3626,37,1172,21,289,921,3,34,33,178,101,127,44,91,12,8,111,57,24,9,40,91,150,191,209,202,160,-32,58,18,-16,-36,-17,12,56,100,125,122,93
8235,Hod,CS76924,17.1,48.8,Czech Republic,2882,3505,105,9560,345,442,2887,511,1985,3187,158,1100,21,433,1204,9,34,31,242,97,101,32,76,0,12,148,76,29,39,91,152,203,236,254,249,208,-46,50,14,-23,-29,0,42,85,120,131,128,96
8236,HSm,CS76941,15.76,49.33,Czech Republic,3600,3313,55,11359,234,444,2637,1195,825,2769,186,968,23,359,640,16,38,33,258,103,105,32,122,20,0,123,54,14,19,68,122,173,203,222,220,178,-58,35,-4,-38,-47,-16,20,66,97,111,110,77
8244,PHW-34,CS77174,2.3086,48.6103,France,3350,3962,328,10934,169,491,1611,434,732,3305,129,1506,23,593,1239,7,49,47,168,141,155,54,72,10,58,154,98,64,72,120,156,192,224,243,238,209,5,75,41,16,10,32,56,88,119,137,136,114
8247,San-2,CS77233,13.74,56.07,Sweden,3952,5059,190,16807,212,583,2124,580,158,2816,50,1047,23,207,475,1,45,38,212,122,166,61,88,16,18,112,62,29,19,45,88,145,187,201,196,157,-29,60,13,-11,-33,-14,16,65,106,126,122,94
8264,Bla-1,CS76451,2.8,41.6833,Spain,2374,4189,112,11216,285,487,1897,363,1564,2319,109,1455,16,588,1328,14,62,43,239,122,150,46,118,54,118,202,158,128,131,152,174,209,249,276,274,247,54,137,94,66,64,84,102,137,171,198,197,178
8337,Mir-0,CS76551,12.37,44,Italy,3369,2431,81,9164,203,421,2804,925,1777,4048,28,1403,22,490,676,11,59,50,230,157,161,48,78,14,64,181,123,78,87,118,158,209,250,278,274,237,0,98,53,15,14,37,69,109,145,168,169,140
8343,Na-1,CS76558,1.5,47.5,France,2566,3598,285,15881,322,634,2477,1029,1038,3014,12,1115,25,617,1494,4,51,53,178,153,169,59,70,6,61,161,102,70,77,124,157,192,226,246,242,214,3,72,37,15,6,28,52,85,116,133,132,111
8351,Ost-0,CS77154,18.37,60.25,Sweden,2703,4675,106,11055,263,386,3175,803,1045,3808,28,1143,11,274,379,5,28,29,193,89,118,41,88,35,-16,88,32,0,-15,22,77,145,196,209,196,147,-69,35,-11,-51,-75,-44,0,46,99,122,115,79
8357,Pla-0,CS76573,2.25,41.5,Spain,1812,4633,189,11415,246,412,2936,845,875,3115,103,1025,22,404,935,20,50,39,220,127,130,41,122,58,122,201,158,128,132,152,178,211,248,276,272,245,58,137,96,69,67,83,100,132,169,198,198,178
8365,Rak-2,CS77201,16,49,Czech Republic,3273,4563,93,9625,307,525,2091,799,2059,3530,71,1109,31,347,528,15,35,31,233,96,98,30,137,32,9,137,66,23,32,84,140,191,221,241,238,195,-49,44,5,-29,-36,-6,32,77,109,123,122,87
9115,Lag2-10,CS77004,46.2831,41.8296,Georgia,2925,3657,250,13699,146,456,1931,319,2665,2502,79,1542,24,308,691,7,51,43,264,106,106,31,109,20,49,187,121,74,60,109,185,229,272,306,296,255,-24,91,43,-1,-15,20,72,120,161,193,186,147
9121,Bak-5,CS76685,43.4767,41.7942,Georgia,3516,4798,181,13255,278,540,1896,294,768,3148,72,1681,28,552,1399,6,44,41,265,121,123,36,115,-4,0,141,72,22,11,55,115,168,199,226,229,192,7,17,-26,-68,-87,-47,-4,44,72,100,99,56
9125,Geg-14,CS76876,44.8203,40.1408,Armenia,3441,3374,166,12056,206,639,2416,254,688,3980,167,1297,19,401,1051,10,34,22,188,62,62,19,100,-10,-13,146,73,12,-5,37,100,149,198,238,239,208,-105,18,-26,-73,6,-58,-10,31,65,100,101,61
9298,Edi-1,CS76832,-3.21833,55.9681,UK,2976,3165,148,11920,377,398,2846,784,794,3616,33,1360,26,253,301,29,48,41,204,129,157,58,71,12,61,132,90,71,65,88,117,147,178,192,188,164,2,60,26,12,1,17,36,61,91,107,104,85
9314,Gol-2,CS76883,-3.96722,57.9672,UK,2493,3299,176,9812,258,555,2020,365,597,3296,91,1235,27,334,591,11,58,50,227,149,192,71,77,11,53,117,80,61,55,77,96,128,161,174,171,145,-4,52,21,5,-7,11,22,52,84,100,98,78
9408,Kal 1,CS76959,13.9519,56.047,Sweden,3352,3852,518,16388,154,709,1977,673,865,2194,149,1219,15,219,145,6,42,37,204,117,156,57,89,17,18,112,63,29,19,45,89,144,188,202,197,158,-27,61,15,-10,-32,-14,17,64,106,126,123,94
9409,Kia 1,CS76968,14.302,56.0573,Sweden,4225,3532,164,12950,118,1058,2094,346,716,3490,614,1251,44,353,303,2,36,34,186,106,139,51,65,19,19,115,65,32,20,46,91,146,190,205,201,161,-23,64,21,-7,-27,-10,19,65,108,129,127,98
9421,Lan 1,CS77009,14.3997,55.9745,Sweden,4163,4847,53,10437,177,266,2567,392,600,4491,2,2653,43,313,316,0,35,33,182,103,136,50,67,20,21,117,67,34,21,46,91,146,189,205,202,162,-20,67,24,-5,-25,-8,20,66,109,131,130,100
9503,11C1,CS76640,-3.21072,55.8877,UK,2945,3196,174,16063,251,428,2813,1163,993,4384,34,1264,21,334,765,4,66,55,246,170,212,78,78,8,51,123,82,62,53,78,106,138,169,184,179,154,-6,51,18,4,-8,8,26,51,81,98,95,76
9506,IP-Alo-0,CS76662,-7.47,40.11,POR,2701,2962,87,15926,309,305,2307,96,2058,2871,158,1456,25,202,290,152,113,154,455,69,455,168,90,30,90,182,125,94,105,128,155,185,240,276,279,239,30,103,60,34,34,52,68,91,132,156,159,138
9507,IP-Coa-0,CS76775,-7.5,38.45,POR,2972,3683,74,15980,378,173,2612,677,1264,2633,137,1225,16,153,111,13,52,71,224,31,220,74,135,58,135,232,175,139,149,173,197,234,284,323,323,291,58,131,91,64,65,79,95,120,149,169,172,163
9508,IP-Mos-1,CS77108,-7.11,40.04,POR,3365,3765,140,14907,261,365,2500,617,727,4446,117,1206,20,375,2704,42,81,102,314,51,311,112,106,41,106,207,146,109,126,152,183,214,272,309,309,267,41,116,72,45,46,68,84,109,149,174,174,154
9509,IP-Reg-0,CS77207,-7.4,39.29,POR,2937,2686,120,12088,188,709,2323,730,728,3536,363,1236,32,305,490,12,74,104,321,49,321,112,119,54,119,213,154,124,130,154,177,215,265,308,309,274,54,125,83,58,58,71,84,108,145,169,172,160
9510,IP-Rei-0,CS77208,-7.59,38.75,POR,2984,3851,158,13457,215,581,2250,615,1465,3959,51,1756,20,313,116,2,64,91,276,41,276,94,123,52,123,216,159,127,134,157,179,216,266,307,308,276,52,123,82,57,57,69,83,106,139,160,163,154
9511,IP-Vav-0,CS78835,-8.02,38.53,POR,2329,2924,75,14604,224,556,3672,590,252,3679,75,1729,36,413,331,1,56,84,255,33,255,87,135,65,135,224,170,138,145,167,186,222,267,304,306,279,65,132,94,70,70,80,94,115,144,163,165,160
9512,IP-Vid-1,CS78842,-7.84,38.22,POR,2566,2342,121,10174,335,602,1649,708,808,1569,419,1890,48,310,179,2,55,77,243,29,242,82,135,58,135,227,171,138,145,168,188,226,275,315,316,286,58,127,89,64,63,73,88,110,139,157,160,155
9513,IP-Adc-5,CS76646,-4.07,38.77,Spain,3062,3513,221,13389,191,579,3236,1041,733,3780,215,1596,45,251,296,2,61,49,170,33,152,48,101,11,101,211,146,105,129,161,191,224,293,344,333,285,11,89,48,20,18,44,66,94,136,171,165,137
9514,IP-Adm-0,CS76647,-4.54,39.15,Spain,3407,3033,137,14945,304,494,2502,385,1426,3987,49,1460,33,241,191,8,58,44,164,38,147,48,97,8,97,205,142,101,124,155,187,220,288,339,327,279,8,88,45,18,16,42,64,93,136,169,163,135
9515,IP-Ala-0,CS76650,-6.89,39.72,Spain,2518,2342,305,11926,254,677,2522,303,2004,3311,923,1488,55,346,95,13,65,74,241,40,234,82,120,49,120,224,162,124,141,168,199,233,290,329,326,285,49,126,83,54,56,78,95,119,159,183,184,164
9517,IP-All-0,CS76659,-7.8,42.19,Spain,2679,4089,173,18305,126,238,2837,1047,14,4259,762,1174,35,200,411,93,121,130,424,101,417,130,96,21,96,178,126,100,112,135,158,191,231,260,261,229,21,90,49,28,31,52,63,90,122,143,145,123
9518,IP-Alm-0,CS76660,-0.36,39.88,Spain,3203,3859,196,11247,234,445,3067,1079,1472,2388,10,1256,45,437,180,1,39,35,177,89,104,29,106,25,106,190,144,121,111,139,161,197,234,268,271,239,25,101,56,31,29,44,67,102,141,173,177,146
9519,IP-Ang-0,CS78886,2.64,41.94,Spain,3513,2950,158,13328,320,392,3435,793,767,2469,47,1431,25,290,590,6,75,55,247,173,173,48,102,39,102,189,144,109,116,139,164,200,241,270,269,236,39,124,79,50,49,71,90,125,160,187,187,167
9520,IP-Ara-4,CS76670,-3.68,41.7,Spain,2869,2735,135,11889,182,367,2140,584,860,2151,100,1886,20,345,291,1,39,36,140,73,119,37,79,2,67,169,116,79,90,126,152,190,239,278,273,236,-3,71,33,14,2,26,44,75,112,139,140,112
9521,IP-Bar-1,CS76689,2.13,41.43,Spain,3582,2789,316,11350,223,398,2159,921,785,1738,648,2031,37,160,29,9,49,38,217,127,128,40,121,57,121,200,156,126,130,150,177,210,248,276,272,246,57,136,95,68,65,81,98,130,169,198,199,178
9522,IP-Bea-0,CS76695,-5.27,36.52,Spain,3471,2942,149,13114,294,393,1903,307,1048,1921,157,1745,44,370,380,10,91,99,352,16,333,110,147,63,147,221,179,151,153,170,189,221,255,287,292,264,63,134,95,72,66,84,100,124,156,179,185,167
9523,IP-Ben-0,CS76700,-2.66,38.37,Spain,3252,2962,133,12282,476,342,3075,645,1268,2262,144,1084,28,192,271,4,52,43,162,50,131,41,98,4,98,199,141,103,116,145,172,207,270,319,311,267,4,83,41,16,10,32,54,84,127,161,159,130
9524,IP-Ber-0,CS78887,-0.56,42.52,Spain,3030,3446,87,13246,469,243,4228,708,2100,3708,12,1411,64,322,521,6,71,60,241,178,204,65,89,-4,50,140,89,53,61,94,116,149,190,222,222,188,-29,44,5,-17,-23,-4,15,49,82,105,103,84
9525,IP-Bis-0,CS76711,0.54,42.49,Spain,2588,3613,109,10012,236,364,4102,548,2541,4205,58,1359,34,392,1060,8,88,70,301,228,228,70,100,4,37,125,76,38,48,78,100,136,176,209,206,173,-36,38,-2,-26,-34,-13,4,40,77,103,102,81
9526,IP-Cab-3,CS76738,2.39,41.54,Spain,2807,3389,122,14287,321,530,2965,510,1274,2048,65,1563,55,247,382,0,54,41,228,127,139,43,121,58,121,202,158,128,132,152,178,211,249,276,272,246,58,137,95,69,67,84,102,134,170,198,197,178
9527,IP-Cad-0,CS76739,-5.74,40.37,Spain,4382,4415,96,17791,326,329,2245,160,1304,2624,79,1495,13,352,319,0,68,66,240,76,222,75,85,-2,49,144,85,52,69,95,120,157,219,264,260,213,-25,44,1,-16,-20,-2,12,43,86,113,112,86
9529,IP-Cap-1,CS76741,-3.36,36.97,Spain,2111,2470,220,6160,258,428,2083,711,1359,1743,109,1879,12,241,899,1,91,80,260,64,249,85,101,-5,65,161,106,66,80,101,129,166,230,287,280,231,-30,47,8,-14,-25,-5,14,43,84,119,121,87
9530,IP-Car-1,CS76742,-4.32,38.25,Spain,2402,2993,189,6945,202,321,3138,625,645,2939,109,1787,13,221,175,4,87,68,223,31,211,68,102,17,102,212,149,107,126,158,191,226,295,346,336,285,17,97,55,26,25,48,69,98,142,177,173,144
9531,IP-Cdc-3,CS76761,-4.54,41.21,Spain,3160,6039,231,15965,123,255,5566,1053,486,5606,27,1441,15,375,19,0,32,29,125,59,103,34,82,3,75,177,123,82,99,135,164,198,252,289,283,244,0,73,33,15,3,31,50,79,120,145,145,115
9532,IP-Cdo-0,CS76762,-4.64,42.23,Spain,2831,2829,137,9989,258,437,1839,468,931,1675,89,1756,8,417,361,5,38,36,160,78,126,39,92,-2,70,174,136,106,92,122,153,187,239,277,269,235,,62,44,28,-2,28,39,70,104,123,129,102
9533,IP-Cem-0,CS76763,-4.32,41.15,Spain,3253,2563,193,10366,318,416,2193,58,835,2795,240,1701,38,213,319,2,36,31,134,62,109,35,77,0,70,169,116,77,93,129,156,193,245,283,279,239,-4,73,30,12,0,27,47,75,117,146,146,113
9534,IP-Cmo-3,CS76774,-4.65,40.05,Spain,3007,2755,166,23090,346,542,2579,477,618,3028,106,1436,28,369,169,5,35,27,117,38,98,33,104,22,104,209,149,109,129,164,195,229,287,331,320,276,22,101,57,32,30,57,79,109,152,181,177,147
9535,IP-Coc-1,CS76776,3.19,42.31,Spain,3154,3789,182,12834,226,436,3073,211,1001,3008,62,1404,26,338,300,1,57,42,211,113,140,42,116,41,116,197,153,127,123,146,167,202,241,271,266,242,41,119,79,54,47,68,86,122,157,182,180,160
9537,IP-Cum-1,CS76787,-6.66,38.07,Spain,3022,2853,221,5830,222,444,2472,681,1304,3034,94,1635,32,337,186,2,76,77,256,32,245,82,112,31,112,214,155,117,130,154,185,223,276,320,317,278,31,108,66,39,39,58,75,108,138,163,166,147
9540,IP-Elb-0,CS76838,2.34,41.81,Spain,3093,2536,171,8754,216,667,3074,787,869,1579,190,1374,25,264,229,2,76,61,274,195,196,58,86,17,65,142,98,68,72,86,107,148,191,226,221,191,3,75,33,11,6,17,31,69,109,140,139,118
9541,IP-Fue-2,CS76871,-5.42,38.26,Spain,2367,3294,169,8828,125,524,2434,768,1087,2204,123,1462,10,307,346,18,86,70,238,30,231,77,110,22,110,219,156,114,133,162,197,234,298,349,340,291,22,102,60,30,30,53,75,104,143,173,171,146
9542,IP-Fun-0,CS76872,-4.05,40.79,Spain,3771,3068,83,9886,472,442,1650,1234,666,2776,232,1783,27,244,415,5,52,43,187,92,149,47,108,1,47,130,76,47,65,89,108,149,204,251,247,203,-31,36,-8,-19,-27,-12,1,33,75,108,107,78
9543,IP-Gra-0,CS76886,-5.39,36.77,Spain,4441,3114,129,9410,271,558,2152,393,1114,2550,218,1815,23,506,393,5,122,118,376,29,370,125,104,15,104,191,141,107,113,135,160,196,245,290,290,251,15,90,51,26,18,38,58,83,120,145,150,126
9544,IP-Gua-1,CS76894,-5.33,39.4,Spain,4140,4272,221,9033,132,443,1983,716,2128,2797,22,1689,16,324,98,10,59,44,164,37,153,52,99,16,99,207,144,103,124,155,187,222,287,335,324,278,16,95,52,25,25,49,69,98,141,171,167,140
9545,IP-Her-12,CS76920,-5.78,39.4,Spain,4309,4127,256,12111,162,657,2363,449,1477,2771,115,1576,13,200,129,3,64,49,181,37,169,58,102,23,102,209,146,106,125,155,187,223,287,333,323,278,23,100,58,30,31,53,72,101,144,172,170,145
9546,IP-Hom-4,CS76929,-1.68,40.82,Spain,3945,4653,118,16183,441,393,1552,425,1976,4246,83,1489,9,250,482,1,44,31,183,105,105,31,100,-3,49,149,100,66,70,102,127,163,216,250,246,212,-34,43,0,-21,-28,-3,20,56,97,124,121,95
9547,IP-Hor-0,CS76930,2.62,41.67,Spain,4751,4702,159,12441,276,312,2994,841,916,2034,47,1467,22,223,433,1,72,53,250,161,171,49,105,43,105,189,144,112,117,137,161,197,237,266,264,234,43,125,81,54,52,71,88,123,159,187,186,166
9548,IP-Hoy-0,CS76939,-5,40.4,Spain,5453,5852,95,15888,260,351,2936,776,623,3326,133,1573,24,339,192,2,48,36,167,73,135,45,91,2,57,149,91,59,76,104,129,165,225,272,265,219,-25,45,3,-12,-18,2,16,49,91,118,115,89
9549,IP-Hum-2,CS76943,-3.69,42.23,Spain,4971,5256,60,18456,142,325,2806,735,359,3332,45,1716,25,362,123,73,45,41,163,97,143,46,104,19,58,160,104,67,79,115,139,175,221,261,255,221,-7,64,26,7,-1,19,34,65,99,121,124,102
9551,IP-Jim-1,CS76955,-5.92,42.28,Spain,3705,4290,67,28433,140,258,2510,372,908,3148,232,1479,11,336,50,7,28,47,192,78,159,46,77,1,72,178,119,77,97,128,159,192,245,282,276,237,-5,64,25,4,1,30,42,71,106,124,125,102
9553,IP-Ldd-0,CS77012,-4.71,41.58,Spain,2247,2018,84,21323,284,928,2304,789,1628,2566,129,1094,26,281,74,30,32,33,130,58,115,39,86,4,78,186,129,86,104,141,171,203,257,295,286,250,2,72,35,18,4,33,51,81,119,139,139,115
9554,IP-Lso-0,CS77055,-3.16,38.86,Spain,2971,2367,197,8084,194,504,2329,482,1351,3878,228,1507,33,473,210,4,52,43,157,45,130,40,98,6,98,203,142,103,121,153,181,216,281,330,321,275,6,85,43,16,12,37,60,89,132,166,162,133
9556,IP-Men-2,CS77081,-4.34,39.66,Spain,2282,3308,186,16509,247,361,2394,742,1218,2595,190,1508,21,246,184,6,45,35,143,45,121,40,92,5,92,197,136,95,117,150,180,215,279,328,316,269,5,86,42,16,14,40,61,92,136,169,164,133
9557,IP-Moa-0,CS77102,0.7,42.46,Spain,2939,4513,63,13854,292,225,2807,488,619,4311,85,1828,5,261,394,7,89,69,306,226,226,69,103,7,40,128,78,40,51,80,103,139,180,212,210,177,-32,42,1,-23,-31,-10,7,43,81,107,105,84
9558,IP-Moc-11,CS77103,-5.64,41.57,Spain,2783,3267,146,13245,252,320,2691,420,1106,4349,211,1236,28,389,1485,13,30,26,124,52,99,30,84,5,77,188,126,84,106,135,169,205,256,295,286,249,1,69,28,13,5,38,49,83,116,135,141,110
9559,IP-Mon-5,CS77107,-4.38,38.06,Spain,3252,4494,124,12457,289,289,3805,655,1786,3494,39,1210,42,286,281,0,81,63,210,20,202,66,126,42,126,235,175,133,150,183,216,249,314,359,350,303,42,124,81,50,52,75,98,126,168,200,197,171
9560,IP-Mot-0,CS77109,-6.24,38.19,Spain,3525,4126,97,11256,275,409,3403,300,2199,2823,51,1517,64,463,647,3,77,72,245,31,233,78,114,29,114,220,159,118,134,161,193,231,289,336,330,288,29,108,66,37,38,59,77,109,143,169,170,149
9561,IP-Mun-0,CS77114,-5.04,40.71,Spain,2958,3249,134,12716,419,285,2867,98,465,3740,102,1813,13,281,283,10,35,28,137,65,108,36,88,-7,66,161,104,70,88,119,144,180,237,279,273,228,-15,55,13,-1,-7,15,29,62,102,126,124,97
9562,IP-Mur-0,CS77115,2,41.67,Spain,2220,3794,90,11861,317,421,3138,724,1309,2820,84,1842,45,531,1675,18,56,41,223,131,131,38,91,27,91,174,127,94,103,122,147,184,225,255,253,222,27,105,63,37,33,49,67,102,141,170,171,149
9564,IP-Nog-17,CS77129,-1.6,40.45,Spain,5595,6249,89,16546,255,197,4444,1247,1485,5010,100,1555,35,345,1174,2,53,37,199,119,119,36,93,-7,44,142,93,59,62,92,117,155,209,248,244,205,-39,35,-7,-29,-35,-13,9,46,88,118,116,86
9565,IP-Orb-10,CS77152,-1.23,42.97,Spain,3728,4342,115,15539,428,872,3830,573,696,2485,97,1084,30,375,1395,30,88,89,343,216,323,106,98,7,61,152,98,65,71,106,124,157,198,228,229,202,-16,53,14,-6,-13,7,26,57,89,109,110,92
9567,IP-Pal-0,CS77159,1.3,42.34,Spain,3849,5474,103,16160,361,278,3989,1988,253,6992,96,1501,25,345,1302,1,78,63,299,202,202,61,80,8,43,129,80,43,54,79,102,140,182,215,212,179,-25,50,8,-15,-23,-4,12,48,87,115,114,93
9569,IP-Pds-1,CS77166,-6.45,42.87,Spain,3112,3246,117,12567,566,338,2258,614,2355,2038,359,1594,43,412,1254,31,61,83,308,126,277,87,99,13,64,153,99,69,82,106,128,162,210,241,242,205,-12,54,13,-6,-3,17,26,55,86,106,107,89
9573,IP-Rds-0,CS77206,2.99,41.86,Spain,1915,2137,77,8880,210,269,3466,1643,1371,3344,67,1270,34,324,161,26,68,47,238,135,158,47,112,45,112,194,150,122,121,141,162,198,237,267,264,238,45,126,83,57,54,72,90,126,161,187,186,166
9574,IP-Rel-0,CS77209,-2.7,38.6,Spain,3280,4057,315,13096,484,301,2426,743,859,4331,233,1596,19,383,126,3,50,41,159,51,125,39,98,4,98,199,141,103,117,147,174,209,272,321,313,269,4,82,40,15,9,33,55,85,128,162,159,129
9576,IP-Rev-0,CS77213,-4.11,40.86,Spain,3768,5169,149,17121,275,242,3056,95,804,3856,117,1250,16,294,138,2,43,36,161,77,126,39,94,7,57,147,94,59,77,108,132,171,224,266,262,220,-18,57,11,-5,-13,7,26,55,98,131,131,98
9577,IP-Ria-0,CS77216,2.17,42.34,Spain,3950,6070,67,16277,340,395,2991,818,1884,4706,59,1363,17,295,278,3,85,72,297,228,232,71,83,4,39,118,72,41,46,61,83,124,167,203,197,167,-23,48,7,-14,-22,-10,4,42,81,112,110,89
9578,IP-Sac-0,CS77229,-6.7,42.13,Spain,4352,4246,136,18205,365,568,3054,1279,577,2666,46,1243,34,227,179,1,74,106,353,111,341,112,85,3,48,141,85,50,69,92,117,149,204,240,242,199,-24,42,3,-17,-18,4,15,44,80,100,101,79
9579,IP-San-10,CS77232,-3.51,38.33,Spain,4466,4491,123,19686,155,253,3527,899,947,2622,36,1104,29,202,228,2,67,53,178,31,158,49,108,23,108,216,155,114,132,163,194,228,295,344,334,288,23,102,61,32,31,54,75,104,148,184,180,151
9581,IP-Sdv-3,CS77242,-5.12,42.84,Spain,2951,3096,85,18050,100,352,3447,354,252,1802,182,1608,40,165,61,0,47,61,262,145,210,62,97,5,52,146,99,67,68,97,121,153,204,239,235,201,-22,44,13,-3,-17,5,14,42,76,95,99,79
9582,IP-Ses-0,CS77244,-1.63,41.48,Spain,3379,4986,122,15327,218,404,2313,429,793,2612,299,1621,24,255,336,24,40,31,172,104,110,33,106,9,57,159,106,72,79,115,139,175,226,259,254,223,-23,53,11,,-16,9,31,67,103,127,125,103
9583,IP-Sne-0,CS77258,-3.38,37.09,Spain,3579,3558,63,15668,335,425,1793,355,1096,3619,225,1952,25,349,242,12,105,93,301,86,281,95,110,-7,46,142,86,46,60,81,110,148,213,274,266,215,-50,27,-12,-33,-45,-26,-7,23,64,101,102,68
9584,IP-Stp-0,CS77283,-3.58,41.19,Spain,3370,2821,173,12268,206,408,2501,749,566,2244,26,1319,28,350,1462,1,47,44,167,86,141,43,92,3,52,146,92,58,73,105,128,169,221,263,260,218,-21,52,8,-8,-16,3,20,52,92,123,124,94
9585,IP-Svi-0,CS77287,-7.39,43.4,Spain,2468,3824,180,15565,94,266,2704,955,732,2924,84,1043,31,231,653,39,95,100,378,135,345,113,104,31,104,171,128,109,113,132,144,172,204,226,233,209,31,89,52,35,39,55,60,87,110,131,134,119
9586,IP-Tam-0,CS77340,-3.27,41.03,Spain,2728,5074,90,14724,316,310,3349,762,869,4689,38,1303,17,328,312,0,43,41,151,76,128,38,104,14,62,159,104,69,84,118,141,185,235,277,274,231,-11,63,18,-1,-6,14,34,67,106,139,138,108
9587,IP-Tdc-0,CS77344,-1.88,41.5,Spain,2976,3699,94,11374,191,530,3280,705,1841,3082,38,1790,40,472,131,2,39,32,162,97,111,34,112,14,63,165,112,77,84,121,146,182,234,269,265,231,-19,57,16,-4,-12,14,35,71,107,131,129,106
9588,IP-Tol-7,CS77371,0.6,42.11,Spain,2686,3047,154,9255,354,400,2943,1196,647,4398,57,1783,14,464,371,2,68,48,243,158,158,48,102,12,61,156,102,61,79,112,137,174,214,247,244,209,-16,62,19,-4,-11,12,32,68,104,130,129,107
9590,IP-Trs-0,CS77387,-5.49,43.37,Spain,3850,4557,160,12764,92,203,3551,1305,1368,3245,629,1076,15,174,55,9,56,59,278,147,207,66,110,38,110,184,146,124,117,137,154,177,212,236,237,217,38,98,65,49,43,60,69,94,119,139,142,130
9591,IP-Vad-0,CS78826,-3.59,42.86,Spain,2788,3189,183,8757,262,408,2332,711,1200,2141,107,1795,14,393,797,29,62,65,261,146,231,73,71,10,71,160,110,79,83,115,132,162,202,233,233,208,10,76,40,23,13,31,43,72,103,123,127,109
9593,IP-Vaz-0,CS78836,-2.99,42.26,Spain,2679,3173,142,11068,310,344,2144,573,823,4555,32,2168,19,409,592,2,64,64,230,150,214,69,103,-1,37,130,75,42,52,83,103,139,191,232,230,193,-35,31,-7,-23,-31,-14,-1,31,66,89,92,70
9594,IP-Vdm-0,CS78837,1.01,42.04,Spain,3032,3718,138,15880,456,233,3344,690,2007,4773,145,1974,38,437,941,1,68,50,259,163,163,49,98,11,58,149,98,59,74,102,127,165,206,239,236,202,-13,64,20,-3,-10,11,29,66,104,132,131,108
9595,IP-Vdt-0,CS78838,-5.5,40.89,Spain,3479,3713,212,11213,164,387,2020,112,467,1908,134,1659,32,338,351,2,31,33,126,55,109,35,85,8,80,181,120,85,107,140,164,201,255,292,289,243,0,66,24,9,8,31,43,78,114,133,133,104
9596,IP-Ver-5,CS78841,-7.45,41.95,Spain,3294,3196,227,12030,164,390,2513,715,787,3253,83,1224,22,362,1216,2,95,112,348,75,346,116,99,22,99,190,135,103,120,145,173,204,249,281,281,246,22,92,52,28,31,55,69,97,129,149,149,128
9597,IP-Vig-1,CS78843,-2.53,42.31,Spain,3711,3511,116,16004,279,157,3398,1180,197,3760,200,1565,26,226,462,0,43,43,174,116,150,49,78,4,70,172,115,78,88,125,148,183,232,268,265,233,-4,64,25,9,4,25,43,76,107,128,130,108
9598,IP-Vim-0,CS78844,-6.51,41.88,Spain,5779,4426,229,17586,366,256,2806,1915,535,4763,29,1465,19,285,209,71,49,75,248,68,242,80,77,4,73,174,117,77,101,126,156,186,240,277,278,234,-2,66,28,5,4,32,46,75,108,128,127,104
9599,IP-Vin-0,CS78846,-5.77,42.8,Spain,2759,2541,105,14270,255,374,2025,252,784,2180,340,1497,28,272,232,2,42,66,274,134,223,65,95,5,52,149,95,60,70,100,125,158,211,245,242,205,-24,43,6,-12,-17,5,14,43,77,95,97,79
9600,IP-Vis-0,CS78848,-6.04,39.85,Spain,2677,2762,261,6967,264,418,2707,454,842,2632,254,1540,33,298,1050,2,54,43,164,35,151,52,111,36,111,218,156,116,135,166,198,233,293,334,326,284,36,112,70,42,44,67,86,114,155,181,179,156
9601,IP-Voz-0,CS78849,-1.88,41.85,Spain,3082,5254,129,16952,248,355,2407,375,676,5403,391,1415,24,349,367,1,45,39,177,110,137,43,109,12,62,164,109,73,81,118,143,179,230,267,263,229,-19,54,14,-4,-12,12,33,67,101,124,123,102
9602,IP-Vpa-1,CS78850,-3.96,40.5,Spain,2154,3012,88,10317,770,389,2631,466,1230,3287,102,1533,15,447,3128,109,34,37,142,51,120,39,88,13,88,189,131,91,109,147,177,215,268,308,297,255,13,95,48,23,18,45,67,100,142,173,170,140
9606,Aitba-1,CS76649,-7.45,31.48,Morocco,4174,3825,95,9369,299,465,3502,2191,680,3204,402,1171,29,595,1050,28,75,57,204,22,183,58,131,-19,133,225,167,131,147,175,207,243,290,337,331,287,-19,75,29,-6,-4,21,43,70,103,133,142,114
9609,Adam-1,CS76645,59.98,51.41,Russia,3111,2893,86,13823,199,566,2456,695,627,3802,229,1122,31,349,675,43,17,15,114,49,53,17,209,54,-130,83,-21,4,-121,-49,100,209,255,276,256,195,-230,-28,-112,-188,-225,-154,-20,54,105,131,106,48
9610,Lesno-4,CS77034,51.96,53.04,Russia,3032,2615,344,11766,185,788,2233,425,601,3790,108,1123,24,497,607,6,30,32,160,91,125,42,86,6,5,86,-5,-60,-84,-17,116,214,252,270,252,188,-172,6,-62,-128,-169,8,14,86,130,152,131,76
9611,Lesno-1,CS77032,51.9,53.04,Russia,4408,4129,94,12179,358,361,4927,1371,574,4639,89,1000,25,600,241,6,29,32,159,89,123,41,86,7,4,86,-3,-59,-83,-16,117,214,253,270,253,188,-171,7,-61,-126,-168,7,15,87,131,153,133,77
9612,Lesno-2,CS77033,51.94,53.04,Russia,3473,3237,73,10050,292,480,2939,503,342,4009,269,1069,22,443,540,12,29,32,160,90,123,41,86,7,4,86,-4,-59,-83,-16,117,214,253,270,253,188,-172,7,-61,-127,-169,8,15,86,131,153,132,77
9615,Parti-1,CS77163,52.16,52.99,Russia,3476,3405,113,13904,246,414,2993,349,733,4099,212,1103,8,349,727,38,29,31,159,89,122,41,86,6,5,86,-4,-60,-84,-17,116,214,253,271,253,189,-173,6,-62,-129,-171,9,13,84,129,152,131,75
9616,Krazo-1,CS76984,51.96,53.06,Russia,3046,3386,108,13372,250,426,3107,882,671,4285,105,930,19,337,450,9,30,32,162,92,125,42,84,5,6,84,-6,-61,-85,-18,115,212,251,269,251,186,-173,5,-63,-129,-170,9,13,84,129,151,130,75
9619,Basta-1,CS76691,79.48,51.84,Russia,2537,3064,131,14631,259,448,3322,924,763,3902,334,1274,26,361,650,12,13,13,112,40,43,14,100,-12,-119,85,-24,2,-109,-33,100,200,257,275,247,191,-210,-11,-106,-178,-213,-137,-12,61,119,142,111,53
9622,Bijisk-4,CS76707,85.27,52.52,Russia,2903,3503,80,11753,252,622,3994,1322,659,3449,161,1161,29,351,308,3,23,25,185,73,81,25,102,-16,0,85,-16,-80,-75,-1,102,197,253,269,241,185,-189,-11,-102,-172,-191,-117,-16,59,119,141,113,58
9626,Kolyv-3,CS76978,82.59,51.36,Russia,2910,3057,158,11192,177,674,2596,386,537,4005,407,1255,11,281,658,28,38,34,204,106,110,34,174,39,-104,72,-33,-89,3,-27,85,181,234,251,227,174,-204,-26,-119,-181,-204,-137,-30,43,98,120,93,39
9629,K-oze-1,CS76957,82.18,51.35,Russia,3524,3279,94,11756,265,341,3518,800,574,4217,409,1539,31,276,368,11,39,36,184,111,116,36,188,51,-104,84,-25,-86,1,-22,97,195,248,266,241,188,-204,-16,-112,-179,-203,-133,-19,55,111,133,106,51
9630,K-oze-3,CS76958,82.16,51.34,Russia,4096,3576,100,16447,287,286,4249,891,566,4129,65,1032,24,352,170,13,38,36,184,110,116,36,187,51,-105,83,-26,-87,3,-23,96,195,248,266,241,187,-205,-16,-113,-180,-204,-133,-20,55,111,132,105,51
9631,Lebja-1,CS77015,80.79,51.65,Russia,3929,3690,105,12528,306,343,3639,760,627,3697,263,1104,26,339,231,4,17,16,121,51,54,18,100,-14,-115,87,-24,2,-104,-30,100,201,257,275,249,194,-211,-10,-110,-182,-211,-138,-14,60,117,141,112,55
9632,Lebja-2,CS77016,80.82,51.67,Russia,1871,2990,133,11508,234,595,2629,374,753,3192,89,958,12,157,204,21,17,16,122,51,54,18,99,-14,-116,86,-25,2,-104,-30,99,201,256,275,248,193,-212,-10,-110,-182,-212,-138,-14,60,117,140,112,55
9634,Masl-1,CS77073,81.31,54.13,Russia,2044,3994,182,10492,181,232,2872,893,720,2161,22,1163,4,403,158,1,14,15,159,49,55,20,170,47,-128,64,-41,-104,-113,-35,78,179,238,259,227,170,-221,-20,-120,-193,-219,-145,-29,47,107,132,104,49
9636,Noveg-1,CS77131,80.82,51.75,Russia,2302,3526,155,9689,239,351,3352,620,793,3226,324,1153,23,281,497,5,17,16,122,51,54,18,100,-13,-115,86,-25,2,-103,-30,100,201,257,275,249,193,-212,,-110,-182,-211,-138,-13,60,118,141,113,56
9637,Noveg-2,CS77132,80.85,51.77,Russia,2237,2677,206,8085,258,491,2423,499,778,3094,922,1401,24,377,736,10,17,16,124,51,54,18,99,-14,-116,86,-25,3,-104,-30,99,201,256,275,248,193,-212,,-110,-182,-211,-138,-14,60,118,141,113,56
9638,Noveg-3,CS77133,80.86,51.73,Russia,2913,3626,107,9724,288,299,4169,867,482,3093,392,1305,35,396,180,8,17,16,123,51,54,18,99,-14,-116,85,-26,3,-104,-30,99,200,256,274,248,192,-213,-10,-111,-183,-212,-139,-14,60,117,140,112,55
9640,Rakit-1,CS77202,80.06,51.87,Russia,3001,3626,86,10305,242,343,3639,1130,670,4143,261,1290,28,446,330,8,14,14,116,43,46,15,101,-12,-117,86,-24,1,-106,-31,101,201,257,276,248,193,-210,-10,-107,-179,-212,-137,-12,61,118,142,111,54
9642,Rakit-3,CS77204,80.06,51.84,Russia,3201,3731,102,9758,244,399,3705,891,705,3082,249,1227,30,328,519,6,14,14,116,43,46,15,101,-12,-117,86,-24,1,-106,-31,101,201,257,276,248,193,-210,-10,-107,-179,-212,-137,-12,61,118,142,111,54
9644,Zupan-1,CS78882,18.72,45.07,CRO,3799,6106,132,14017,333,267,3346,926,2103,3982,53,1123,15,350,175,4,46,53,238,149,168,50,98,16,33,176,98,52,59,120,174,223,255,282,280,242,-32,65,24,,-23,16,58,103,134,148,144,110
9645,Gradi-1,CS76887,18.7,45.17,CRO,3689,4457,121,14355,483,389,2539,479,497,4316,293,718,17,402,512,5,45,52,232,146,163,49,96,14,30,175,96,51,57,117,173,222,255,281,278,241,-33,65,23,-10,-24,14,57,102,134,148,143,109
9647,Basen-1,CS76690,16.77,40.37,Italy,3984,4166,74,8808,256,411,3825,1017,544,4554,556,1082,16,449,1092,29,45,49,195,59,164,54,126,55,126,219,173,139,134,152,180,224,267,302,299,268,55,138,97,68,60,74,97,137,174,200,201,176
9649,Bivio-1,CS76713,16.17,39.13,Italy,2172,4000,137,7624,319,485,3030,680,3632,2575,272,1057,18,511,1137,2,89,101,373,81,351,114,79,33,79,171,130,95,84,101,130,176,216,245,249,219,33,111,78,48,33,45,67,107,142,168,172,149
9651,Filet-1,CS76858,14.87,40.68,Italy,3573,5727,91,13621,199,413,3489,697,2335,4359,191,947,10,316,203,11,73,86,339,88,301,103,109,49,109,201,155,120,116,138,172,216,254,281,279,249,49,124,91,62,49,61,82,117,154,179,183,161
9653,Giffo-1,CS76878,16.13,38.44,Italy,3775,3390,103,11348,373,811,3078,1291,966,2987,243,1057,24,302,337,14,89,93,373,66,305,123,101,46,101,192,153,117,106,122,149,193,237,264,268,240,46,125,93,63,46,58,80,116,153,178,182,162
9656,Marti-1,CS77072,17.31,40.64,Italy,2582,2777,120,11478,295,495,2363,325,2375,4496,163,1190,31,519,848,16,67,62,219,89,198,64,97,27,97,190,146,110,103,123,156,206,251,281,282,243,27,109,71,43,30,45,70,108,144,169,169,143
9659,Pigna-1,CS77177,14.18,41.18,Italy,2921,3517,155,9237,359,313,4492,1810,1040,3779,318,1243,21,491,193,4,74,81,347,101,287,98,113,32,113,209,160,124,124,144,172,217,256,286,289,256,32,115,77,47,37,55,79,115,150,172,175,151
9660,Sarno-1,CS77236,14.57,40.84,Italy,4186,4613,83,17086,160,501,1804,740,1952,2840,76,1338,20,365,596,3,73,83,339,91,290,98,116,49,116,209,162,128,124,145,176,220,259,286,286,255,49,126,91,62,51,64,86,122,158,181,184,162
9661,Cimin-1,CS76771,16.21,39.58,Italy,4496,4049,81,13179,332,367,3866,1187,1861,3396,277,1174,19,313,191,13,77,85,332,57,297,96,129,76,129,219,177,144,134,151,181,223,262,293,295,266,76,152,118,89,76,87,108,145,183,210,215,190
9663,Teano-1,CS77357,14.09,41.33,Italy,3040,4143,70,9588,146,548,2201,171,4115,4263,84,985,14,147,917,8,74,81,347,105,288,97,110,28,110,207,158,121,122,143,171,216,256,286,289,255,28,112,74,43,35,52,77,114,148,171,173,149
9697,Dolen-1,CS76802,23.94,41.62,BUL,3964,3694,214,9883,344,444,2696,1472,1958,3463,145,1107,25,379,480,14,50,45,177,107,158,52,92,12,25,154,92,44,42,78,128,181,221,249,246,211,-44,51,12,-25,-34,-11,28,74,109,128,126,95
9698,Goced-1,CS76882,23.85,41.57,BUL,4520,4719,113,9316,225,467,3445,547,2633,2615,78,1154,28,222,428,7,46,41,167,99,146,48,101,9,43,177,111,62,63,101,154,206,247,275,271,236,-26,70,29,,-16,9,50,96,132,152,148,116
9699,Kolar-1,CS76974,23.14,41.37,BUL,4535,5324,71,13494,193,683,1885,342,2879,3000,81,1270,27,347,863,9,44,41,157,97,138,44,99,6,38,171,103,55,60,99,149,201,244,272,268,233,-31,67,24,-15,-20,6,43,88,123,143,140,110
9701,Ivano-1,CS76954,25.91,43.7,BUL,4452,6133,569,14773,255,274,2096,240,1536,3234,71,1072,17,454,240,3,37,40,207,118,129,41,97,1,20,170,102,41,44,97,168,221,259,281,278,234,-50,58,18,-22,-31,1,54,103,138,155,150,106
9705,Choto-1,CS76769,23.33,41.5,BUL,2854,5412,113,10213,139,560,3955,329,1113,4915,31,1049,15,328,527,3,38,39,149,87,128,39,81,10,65,206,132,81,90,135,190,242,285,311,307,272,-3,96,50,10,10,38,79,123,159,180,175,143
9706,Dospa-1,CS76807,24.18,41.64,BUL,5742,5756,195,21051,367,289,3090,706,1975,3447,55,1060,36,614,1073,12,57,54,197,118,181,59,98,3,4,127,70,25,17,49,98,150,190,218,216,181,-62,29,-6,-42,-55,-35,3,48,82,101,101,70
9707,Podvi-1,CS77187,24.84,41.57,BUL,3987,4671,173,8954,301,658,2804,165,1028,3472,128,1127,21,372,366,4,55,51,200,112,181,61,94,14,26,152,94,47,41,74,126,179,220,249,246,208,-42,50,14,-22,-33,-12,28,74,109,130,127,93
9708,Kardz-1,CS76962,25.35,41.62,BUL,2075,3773,64,10232,164,322,1798,478,1147,3070,21,1318,16,122,262,31,50,47,192,97,172,58,102,11,49,180,119,70,68,102,157,210,252,283,280,238,-22,73,36,-1,,11,55,100,136,158,154,117
9713,Stara-1,CS77271,25.61,42.49,BUL,3040,2836,148,10645,200,1002,2817,462,649,2364,585,1176,35,436,499,25,43,44,198,126,149,48,89,-3,24,163,103,45,47,89,152,205,244,271,267,224,-45,56,20,-21,-29,-3,45,92,127,145,141,100
9714,Grivo-1,CS76888,25.75,41.84,BUL,3046,3432,281,12807,206,637,1893,437,1041,2956,313,1185,17,317,391,8,47,47,185,102,166,54,109,15,49,185,124,70,72,109,168,220,263,292,289,246,-21,75,39,0,-6,15,60,105,141,162,158,119
9717,Kardz-2,CS76963,25.47,41.66,BUL,2694,4965,226,15780,227,570,1985,488,282,4031,46,993,23,359,1426,3,49,46,190,97,169,57,107,15,52,184,124,73,72,107,163,215,258,289,286,244,-19,76,40,2,-6,15,59,104,141,162,158,120
9719,Koren-1,CS76983,25.69,41.83,BUL,2994,3601,103,7450,275,455,3138,1100,604,2689,634,1469,25,519,1497,20,47,46,184,100,164,54,111,17,52,187,126,73,75,111,169,222,264,295,291,248,-19,77,41,2,-4,17,62,107,143,164,160,121
9720,Malak-1,CS77064,25.68,41.77,BUL,3184,3628,612,9241,226,467,3620,742,190,2400,56,832,8,350,608,27,48,47,188,100,168,55,107,14,49,183,123,70,71,107,165,217,260,290,287,244,-21,74,38,0,-7,14,58,103,139,160,156,118
9722,Groch-1,CS76890,24.41,41.71,BUL,2613,4303,141,15403,272,494,2160,418,1768,3383,73,1393,12,336,778,1,52,47,187,113,163,54,89,9,21,149,89,41,37,72,124,177,217,245,242,205,-48,46,9,-28,-38,-15,26,72,107,126,124,90
9723,Slavi-2,CS77252,23.67,41.42,BUL,3163,3737,78,10303,234,382,3313,1005,488,4779,142,961,24,532,210,3,49,45,177,103,158,52,94,15,29,157,94,47,46,82,132,184,225,253,250,215,-40,55,15,-22,-31,-7,31,76,110,131,129,98
9725,Epidauros-1,CS76844,23.08,37.6,Greece,4054,5494,250,19588,308,753,2279,221,1731,2835,68,1218,6,244,824,15,62,68,277,27,258,85,114,42,114,219,171,131,124,142,184,234,284,313,311,274,42,125,92,61,45,58,89,127,165,189,188,160
9726,Faneronemi-3,CS76853,22.04,37.07,Greece,3755,3975,116,13345,341,398,3132,575,1645,4786,262,1264,26,443,387,29,71,94,396,20,358,113,149,61,149,242,199,163,153,169,196,237,282,306,308,283,61,140,110,80,64,78,102,135,168,190,190,170
9732,Halca-1,CS76909,18.96,48.47,Slovakia,2740,4698,236,14588,231,606,2671,571,697,3253,66,1247,12,289,875,6,48,50,271,147,162,49,123,15,-11,130,53,3,16,64,123,175,206,225,222,184,-80,27,-11,-55,-60,-26,15,61,91,103,99,69
9736,Teiu-2,CS77361,25.17,44.69,Romania,2482,4373,246,9761,399,410,3403,649,197,2836,268,1230,25,435,351,7,34,34,229,104,109,36,93,-2,11,169,93,32,38,98,168,222,254,275,272,233,-65,49,8,-34,-42,-2,49,99,131,147,141,102
9737,Ulies-1,CS78815,22.62,45.95,Romania,3720,4019,102,7322,215,421,2509,451,586,2987,379,1164,21,561,2133,27,33,34,230,103,115,36,94,8,21,169,94,41,46,108,168,220,249,271,268,232,-45,58,19,-16,-29,8,55,102,132,146,141,107
9738,Bran-1,CS76722,25.42,45.57,Romania,2501,3052,268,7131,331,643,2391,934,2357,2581,491,1104,18,398,514,18,34,31,288,99,102,34,134,21,-6,140,68,12,14,71,134,184,214,232,232,197,-86,26,-13,-55,-66,-27,21,71,103,118,113,77
9739,Toc-1,CS77370,22.33,46.01,Romania,3046,3456,192,9967,315,508,2668,737,2236,2698,524,1021,25,410,855,15,35,37,240,111,126,39,90,3,17,165,90,37,40,101,160,212,242,264,262,226,-48,56,17,-18,-32,3,50,96,128,141,137,104
9741,Orast-1,CS77151,23.16,45.84,Romania,3447,3740,216,11755,272,318,2667,660,855,3043,372,976,14,354,491,13,31,31,233,95,104,33,92,6,20,168,92,39,46,108,167,218,247,268,266,230,-52,54,14,-22,-33,6,53,100,129,143,139,104
9743,Furni-1,CS76873,25,45.14,Romania,2134,4146,76,13646,242,529,2186,661,894,3145,53,1310,18,308,739,4,36,34,271,106,109,36,145,30,0,150,78,19,24,81,145,196,226,246,245,209,-79,33,-6,-48,-57,-19,30,80,111,126,121,85
9744,Iasi-1,CS76944,27.59,47.16,Romania,3449,2619,92,15751,311,408,5485,1517,1885,4953,29,920,25,489,202,3,29,30,227,88,89,29,84,11,1,161,84,27,21,83,166,225,255,270,268,228,-67,55,11,-33,-47,-6,53,105,139,152,145,107
9747,Zabar-1,CS78870,21.22,44.38,Serbia,3880,4088,471,10625,392,422,2144,862,2902,2165,248,1307,26,374,1888,22,44,42,230,131,144,45,94,16,30,173,94,44,56,116,165,212,246,270,273,235,-33,69,23,-11,-16,16,55,101,132,142,139,106
9748,Zagub-1,CS78871,21.71,44.23,Serbia,2891,3535,120,7614,345,370,2690,645,63,3273,200,1049,20,384,1319,7,44,43,233,131,143,44,83,9,22,161,83,34,44,102,156,205,238,262,264,226,-38,62,14,-18,-25,9,49,95,124,137,134,101
9749,Knjas-1,CS76971,22.29,43.54,Serbia,2919,3095,85,12261,236,456,3405,837,5,3621,201,1152,28,439,1016,15,44,42,201,129,139,43,86,9,26,167,86,39,49,106,156,205,240,263,265,229,-39,60,13,-17,-23,9,47,92,122,136,134,100
9754,Sredn-1,CS77269,21.37,44.66,Serbia,3930,6707,133,10147,362,473,2672,230,1461,4409,56,1556,24,399,464,11,43,42,234,129,143,44,91,14,25,168,91,39,48,109,163,211,242,269,273,232,-31,68,23,-14,-20,14,55,101,130,141,141,106
9755,Vajug-1,CS78828,22.56,44.56,Serbia,2594,3037,101,7668,403,740,1755,906,680,2248,1184,1397,35,461,2896,26,40,39,212,118,129,39,90,16,27,168,90,40,44,106,169,221,253,279,276,239,-34,64,20,-12,-22,16,60,108,137,152,147,110
9759,Anz-0,CS76439,49.47,37.47,Iran,3446,4340,119,16307,291,270,3371,850,1846,4468,72,1039,19,268,320,11,104,109,698,129,353,140,106,37,108,219,171,133,106,122,167,233,274,301,299,262,37,142,91,56,37,58,97,151,186,210,210,182
9762,Etna-2,CS76487,14.98,37.69,Italy,2352,3393,567,15765,355,380,2728,844,731,3089,29,930,14,327,456,6,68,66,261,63,222,88,86,25,32,127,86,47,37,54,86,143,192,224,224,184,-8,72,37,8,-10,2,25,68,109,139,140,112
9769,HE-1,CS76916,8.99,48.55,GER,2352,2932,173,10580,311,263,2006,739,473,2726,285,1423,0,227,157,3,49,49,271,150,160,52,88,0,25,136,73,34,44,88,131,177,210,230,222,192,-34,45,6,-22,-25,0,32,72,105,121,115,86
9771,Pfn-N2.2-6,CS77172,9.11,48.56,GER,4069,4367,237,21132,199,791,1763,873,105,3013,84,996,11,363,683,2,46,46,268,140,149,48,87,0,24,136,73,33,43,87,130,176,208,229,222,191,-34,46,6,-22,-25,0,32,73,106,122,116,87
9772,Hof-1,CS76925,8.85,48.41,GER,2741,5310,139,15785,354,424,2322,1163,883,3263,351,1091,18,299,610,23,52,53,276,159,171,54,75,1,26,138,75,35,46,91,134,180,213,233,226,196,-34,47,8,-21,-25,1,33,73,106,122,116,88
9774,Alt-1,CS76663,9.22,48.59,GER,2764,3638,135,3656,634,237,2428,1267,383,3127,77,1405,21,291,661,34,40,41,255,124,132,43,76,4,26,141,76,35,46,91,134,179,211,232,225,196,-31,50,9,-19,-22,4,37,76,109,126,120,91
9775,Berg-1,CS76701,8.79,48.41,GER,2029,2380,186,2206,354,599,1744,915,473,1249,88,1144,23,380,926,2,55,55,280,168,181,58,74,1,26,138,74,35,45,90,133,180,212,233,226,196,-35,46,7,-23,-26,1,32,71,104,121,115,88
9777,Gn-1,CS76880,9.17,48.57,GER,2544,3149,164,17384,207,351,2812,1383,2577,3125,60,1162,20,435,584,52,42,43,259,129,137,44,75,3,26,139,75,34,46,90,134,179,211,232,224,195,-32,49,9,-20,-22,3,36,75,109,125,119,90
9779,Bai-10,CS76682,8.78,48.5,GER,1793,2558,106,4054,806,298,2084,612,173,2297,9,1509,20,405,786,2,54,55,275,166,178,57,74,0,26,137,74,35,45,90,133,180,212,232,226,195,-35,47,7,-22,-26,0,32,72,105,121,115,88
9781,Kus2-2,CS76990,9.11,48.52,GER,2644,2770,275,8923,552,449,2992,1114,1764,2210,232,1260,13,384,3051,40,44,45,263,135,143,46,75,2,25,138,75,35,45,90,134,179,212,232,223,193,-32,48,8,-20,-23,2,35,75,108,124,116,88
9782,Lu3-30,CS77057,9.09,48.53,GER,3508,3427,164,7583,441,620,1731,469,990,2010,209,919,6,366,1384,7,44,45,263,135,143,46,75,2,25,138,75,35,45,90,134,179,212,232,223,193,-32,48,8,-20,-23,2,35,75,108,124,116,88
9784,Erg2-6,CS76845,8.8,48.5,GER,3000,4155,122,14308,404,354,2798,1064,811,2906,37,897,18,284,639,12,54,54,275,164,175,56,74,0,25,137,74,35,44,90,133,179,211,232,225,195,-34,46,7,-22,-26,0,32,72,105,121,115,87
9789,Obh-13,CS77140,8.96,48.39,GER,5202,5275,135,17331,331,336,2949,1242,196,3584,26,841,17,351,2830,16,52,52,283,158,169,54,88,0,24,136,72,33,43,88,130,177,210,231,223,193,-35,45,6,-23,-26,0,31,70,104,120,114,86
9790,Gn2-3,CS76881,9.18,48.58,GER,7122,7565,145,22782,171,217,2531,1128,2049,2884,20,902,18,360,348,11,42,43,259,129,137,44,75,3,26,139,75,34,46,90,134,179,211,232,224,195,-32,49,9,-20,-22,3,36,75,109,125,119,90
9791,Haes-1,CS76914,9.2,48.6,GER,3180,4744,174,14227,385,346,2523,504,1059,4150,121,1126,26,306,798,14,43,44,264,133,141,46,74,1,24,138,74,34,44,88,131,176,208,229,223,193,-33,48,7,-21,-24,1,34,74,107,124,118,90
9795,Wank-2,CS78852,9.11,48.5,GER,2499,5597,167,3920,192,467,2377,1023,243,1372,7,740,34,470,2065,21,45,46,269,138,148,47,74,2,24,137,74,34,44,89,132,178,211,231,223,193,-33,47,7,-21,-24,2,34,73,107,123,116,87
9799,Hart-2,CS76913,8.85,48.39,GER,3641,7081,87,9470,170,374,3808,394,3484,6420,27,1279,35,222,577,1,52,53,276,159,171,54,75,1,26,138,75,35,46,91,134,180,213,233,226,196,-34,47,8,-21,-25,1,33,73,106,122,116,88
9802,Kus3-1,CS76991,9.11,48.51,GER,3051,3710,133,9410,306,265,2295,928,1154,3454,23,1594,11,323,604,24,44,45,263,135,143,46,75,2,25,138,75,35,45,90,134,179,212,232,223,193,-32,48,8,-20,-23,2,35,75,108,124,116,88
9803,Muh-2,CS77113,8.76,48.42,GER,2051,3780,245,4282,898,281,2644,1456,770,1488,50,886,26,415,2892,26,54,54,276,165,177,57,75,2,26,138,75,35,46,91,134,180,212,233,227,196,-34,47,8,-22,-25,2,33,72,105,122,116,88
9804,Obe1-15,CS77139,8.87,48.45,GER,2473,3034,248,5006,186,474,2193,478,922,2339,6,1343,13,530,5726,26,52,52,275,158,169,54,75,1,26,138,75,36,45,91,134,180,213,233,226,196,-33,47,8,-21,-24,1,33,73,106,122,116,88
9807,Schl-7,CS77240,9.22,48.6,GER,2842,2821,247,14803,321,971,1876,546,1010,3045,571,1069,9,394,352,9,40,41,255,124,132,43,76,4,26,141,76,35,46,91,134,179,211,232,225,196,-31,50,9,-19,-22,4,37,76,109,126,120,91
9812,Tu-W1,CS77397,9.03,48.52,GER,2560,3813,147,8360,463,394,3085,1011,404,3187,105,1079,14,338,1069,12,45,46,264,138,148,47,75,3,26,138,75,35,46,91,134,180,213,232,224,194,-32,47,9,-20,-22,3,35,75,108,124,116,88
9813,BI-4,CS76706,8.77,48.4,GER,2115,2794,159,2832,78,471,1794,852,517,2581,10,1323,25,441,398,8,55,55,280,168,181,58,74,1,26,138,74,35,45,90,133,180,212,233,226,196,-35,46,7,-23,-26,1,32,71,104,121,115,88
9814,Fell1-10,CS76855,8.79,48.42,GER,2401,3418,128,4168,72,557,2216,1158,735,1302,1026,1208,23,216,405,17,54,54,276,165,177,57,75,2,26,138,75,35,46,91,134,180,212,233,227,196,-34,47,8,-22,-25,2,33,72,105,122,116,88
9817,IP-Ace-0,CS76642,-6.6,39.84,Spain,6546,5845,87,12652,148,337,2723,905,1138,4534,144,1216,23,194,148,3,63,63,216,39,206,73,114,43,114,220,158,119,137,165,197,231,289,329,324,283,43,119,77,49,51,73,90,116,157,182,182,161
9819,IP-Amu-0,CS76664,-3.03,42.35,Spain,4433,2916,82,9019,237,516,1689,855,17,3745,466,1188,18,311,179,1,49,51,187,123,174,56,103,16,61,159,103,67,78,113,134,169,216,253,252,218,-8,60,20,4,-2,16,31,63,95,118,121,99
9821,IP-Aru-0,CS76674,2.49,41.81,Spain,3363,3274,145,7654,501,305,4053,2272,695,2153,5,1166,13,358,269,1,75,55,257,174,174,47,89,27,89,171,127,94,100,119,143,180,221,252,249,219,27,106,63,37,34,51,67,103,140,169,169,148
9823,IP-Bae-0,CS76681,-5.84,43.34,Spain,9781,5552,140,9863,113,278,3247,1746,638,2582,7,869,9,251,349,0,62,62,284,151,213,70,115,38,115,188,149,132,123,138,156,184,216,236,242,220,38,96,61,46,46,60,67,93,112,132,135,128
9825,IP-Boa-0,CS76714,-3.88,40.4,Spain,5128,5240,158,14460,116,741,2571,340,1441,4601,34,1083,22,315,1006,29,35,40,149,52,129,42,87,13,87,189,130,91,109,146,176,215,267,308,297,254,13,94,48,21,17,45,65,100,141,173,170,139
9826,IP-Bor-0,CS76717,-6.71,42.49,Spain,6505,4686,45,13281,291,461,3547,1005,528,4577,39,1029,29,261,794,2,56,78,276,85,259,84,82,4,82,174,118,83,105,130,156,188,236,268,268,229,4,74,31,7,15,41,52,82,113,134,131,110
9827,IP-Bos-0,CS76719,0.69,42.78,Spain,3064,2885,88,12288,351,641,1960,424,525,2948,64,1092,17,337,279,7,87,71,299,228,231,70,89,-1,50,139,89,48,62,94,116,152,192,221,219,188,-26,48,8,-16,-24,-1,17,52,89,113,112,92
9828,IP-Bra-0,CS76721,-6.15,42.5,Spain,4832,2569,194,8540,97,1106,1541,162,792,2930,84,1139,24,342,85,3,38,62,239,97,206,61,88,-4,65,166,108,69,88,118,145,179,232,266,263,223,-12,57,16,-4,-4,22,33,62,96,115,115,94
9830,IP-Bus-0,CS76736,-3.28,36.97,Spain,3064,3383,268,9288,317,550,2876,1144,1236,2874,14,1269,22,602,813,10,83,73,238,56,229,78,110,4,75,170,116,76,89,110,138,174,238,293,287,239,-20,57,18,-5,-15,4,23,52,94,127,130,97
9831,IP-Cas-0,CS76743,-3.39,38.54,Spain,7687,5401,180,14949,257,452,4094,1047,1186,3875,42,1087,13,280,210,0,62,50,172,39,149,46,99,11,99,207,145,105,124,154,184,219,286,336,326,280,11,90,48,21,18,41,63,92,135,171,167,138
9832,IP-Cat-0,CS76759,-3.69,40.54,Spain,4823,3534,165,14121,233,786,1939,288,1850,4339,59,1165,43,190,114,4,36,44,158,53,135,42,83,11,83,184,125,87,106,143,173,212,264,304,294,251,11,91,46,18,16,42,64,95,138,169,167,137
9833,IP-Cha-0,CS76764,-4.21,40.38,Spain,5390,5436,163,15127,380,761,1807,402,931,5472,59,1276,19,412,342,22,34,30,130,53,106,35,85,7,85,185,128,89,107,142,172,209,263,305,296,253,7,87,42,19,13,39,61,93,135,166,163,133
9834,IP-Cho-0,CS76768,-3.9,40.51,Spain,2382,3202,144,8819,258,497,1876,613,2956,2884,45,1630,45,543,345,28,35,40,150,54,128,41,83,10,83,184,125,87,105,142,172,211,263,303,293,250,10,91,44,19,14,41,63,95,137,169,167,136
9835,IP-Cir-0,CS76772,-6.57,40.61,Spain,4007,4315,200,12520,139,601,2021,193,455,4688,396,1417,42,219,316,6,67,78,258,54,249,88,86,18,86,188,129,89,109,137,168,200,258,295,293,251,18,91,49,23,23,47,63,91,131,154,154,131
9838,IP-Cot-0,CS76784,-5.38,41.83,Spain,4345,4346,198,10031,136,828,1664,177,597,4723,104,1105,4,316,35,2,27,30,136,62,109,33,83,1,74,184,125,83,101,133,165,200,253,291,282,245,-3,65,28,12,1,32,44,76,111,129,133,106
9839,IP-Coy-0,CS76785,-4.27,40.44,Spain,4022,4496,157,9647,134,454,2341,1258,767,4257,35,1309,20,266,101,16,36,28,133,60,104,34,79,3,76,172,116,79,96,130,158,194,250,293,284,241,-3,75,30,9,3,28,48,79,122,152,149,120
9840,IP-Dar-0,CS76792,-1.43,41.13,Spain,2013,3382,152,12345,138,398,2665,651,1430,3898,229,1967,16,203,160,1,31,22,157,76,80,23,116,19,62,166,116,82,87,123,146,182,231,256,252,226,-18,63,19,-3,-10,19,41,80,118,141,139,116
9841,IP-Ees-0,CS76836,-4.15,40.59,Spain,2834,3591,133,10025,163,434,3354,226,393,3685,118,1037,41,726,7747,17,43,35,157,74,125,40,96,9,61,151,96,63,80,110,134,172,227,271,266,222,-17,57,11,-5,-12,9,26,57,100,132,130,100
9843,IP-Elp-0,CS76840,-3.92,40.53,Spain,3962,5999,123,16394,139,393,3632,494,1374,6525,87,1016,27,418,1616,138,34,38,144,52,122,39,86,13,86,187,129,90,108,146,176,214,266,306,296,254,13,94,48,22,17,44,66,99,141,172,170,139
9845,IP-Evs-0,CS76848,-3.96,40.48,Spain,2037,4681,178,14777,764,368,3073,256,1152,6870,18,1067,9,730,4358,90,34,37,142,51,120,39,88,13,88,189,131,91,109,147,177,215,268,308,297,255,13,95,48,23,18,45,67,100,142,173,170,140
9846,IP-Ezc-2,CS76849,-3.02,42.31,Spain,4184,6555,81,16557,125,349,2716,825,700,3692,29,1528,24,418,166,1,48,50,183,120,170,55,103,16,61,159,103,67,79,114,134,170,217,255,253,219,-8,59,20,3,-3,16,32,63,96,118,121,99
9848,IP-Glo-1,CS76879,-5.77,40.11,Spain,6090,8948,60,19107,110,301,2843,667,750,4861,67,1032,32,297,217,0,53,44,169,46,154,53,90,13,90,194,132,93,113,144,174,209,270,313,305,261,13,87,44,21,20,43,60,91,132,158,156,131
9849,IP-Gud-3,CS76895,-4.11,40.65,Spain,2968,4586,207,9066,133,738,2005,44,1320,3965,239,1078,55,522,1200,17,38,33,143,66,116,37,90,-1,69,164,109,72,90,123,150,188,241,282,277,234,-6,72,25,6,-1,22,43,73,116,148,147,115
9850,IP-Hec-0,CS76917,-0.7,42.86,Spain,3151,3471,67,13324,546,440,2781,645,405,3541,50,1312,18,288,28,0,95,86,315,238,295,95,112,22,27,112,64,30,33,64,83,117,159,190,190,160,-48,23,-15,-37,-47,-28,-11,22,58,81,80,62
9852,IP-Ini-0,CS76945,-3.75,40.46,Spain,2161,2948,142,15758,569,655,2791,188,2014,4802,184,1049,25,504,1211,34,35,43,157,51,134,42,86,14,86,187,128,89,109,146,177,216,268,308,296,253,14,95,49,21,19,45,68,100,142,173,171,141
9853,IP-Lac-0,CS76996,-5.91,43.33,Spain,2153,3317,183,7542,135,304,3429,1712,182,3488,83,1060,19,342,1548,14,60,60,276,144,207,68,115,39,115,190,150,132,124,141,159,187,219,240,245,222,39,98,62,47,47,62,69,96,115,135,138,130
9854,IP-Laf-1,CS76997,-5.88,43.36,Spain,3448,3083,171,11350,328,348,3519,1259,1079,4376,13,1072,29,446,556,5,61,61,282,148,212,70,116,40,116,189,150,133,124,140,158,185,217,238,243,221,40,98,62,47,48,62,69,96,115,135,138,130
9855,IP-Lam-0,CS77008,-3.89,40.57,Spain,2572,2651,136,12577,181,320,1809,521,841,2831,247,1926,45,469,234,4,36,40,150,56,127,40,81,8,81,181,123,84,102,139,169,208,260,299,291,248,8,89,42,17,12,38,60,92,134,166,164,133
9866,IP-Mdd-0,CS77076,-2.79,41.89,Spain,2674,3710,90,12767,478,699,1832,352,828,4229,201,1715,27,292,293,0,49,49,182,114,159,50,98,3,56,152,98,63,74,108,132,167,222,264,260,222,-23,46,8,-10,-16,3,21,52,88,111,112,89
9867,IP-Mie-1,CS77083,-3.22,40.94,Spain,3041,4226,134,7710,308,387,2654,730,2593,4333,7,1260,23,589,396,1,42,40,147,72,123,36,88,-1,65,163,108,73,88,123,146,190,240,281,278,235,-7,68,22,2,-1,19,40,73,112,145,144,113
9868,IP-Moe-0,CS77104,2.37,41.78,Spain,2880,2193,221,22736,159,397,3210,1128,1759,4230,21,1058,12,213,70,3,71,55,259,175,175,50,78,15,78,157,112,81,86,102,125,165,207,239,236,205,15,91,48,24,20,33,49,86,125,155,154,133
9870,IP-Moz-0,CS77111,0.17,41.91,Spain,7308,7145,87,23161,254,256,4252,85,618,6549,6,1239,12,292,245,0,36,25,145,84,84,26,93,8,93,193,134,97,118,157,186,222,260,294,290,252,8,90,46,21,17,45,68,102,137,160,159,136
9871,IP-Nac-0,CS77117,-3.99,40.75,Spain,2933,2641,309,16224,381,721,1354,217,781,4489,249,1190,33,381,188,8,43,38,157,74,129,40,97,10,60,151,97,62,81,112,136,176,229,271,267,224,-15,61,14,-3,-10,10,29,59,103,136,135,102
9873,IP-Ndc-0,CS77125,-5.45,37.94,Spain,5135,5850,94,8517,205,268,2734,492,1878,4775,35,1666,9,344,254,4,86,75,252,24,245,81,122,32,122,230,167,125,143,173,207,244,305,353,348,300,32,112,70,39,40,63,85,113,152,178,178,155
9874,IP-Oja-0,CS77143,-3,42.34,Spain,3001,5886,138,20572,727,241,4060,753,260,5827,510,812,13,306,456,7,48,51,185,123,173,56,105,18,63,161,105,69,80,115,136,171,218,255,254,220,-6,61,22,5,0,18,34,66,98,120,122,101
9875,IP-Ovi-1,CS77155,-5.87,43.38,Spain,3671,5375,137,16783,347,233,4297,1524,1809,3524,5,1432,24,399,587,2,63,64,291,154,220,72,112,36,112,185,145,128,119,135,152,180,213,234,239,217,36,94,58,43,43,57,64,90,110,130,133,125
9876,IP-Pad-0,CS77158,0.99,41.34,Spain,2604,2913,36,11393,173,569,2264,400,1487,5366,40,1429,7,210,1530,2,59,39,206,138,138,41,77,6,77,165,115,90,96,122,146,184,224,257,255,224,6,86,41,17,10,31,50,86,125,154,155,131
9878,IP-Pee-0,CS77167,-3.62,40.78,Spain,7809,7843,70,19260,302,289,3647,1319,689,4386,14,1071,32,277,435,3,39,42,155,62,130,39,77,5,72,170,113,77,94,130,156,199,248,289,284,240,1,79,32,9,5,28,50,81,122,155,154,122
9879,IP-Per-0,CS77169,-1.12,37.6,Spain,8177,12093,100,23264,604,399,3572,151,484,7973,70,1182,26,481,856,26,27,23,127,26,90,29,148,47,148,235,190,158,159,183,202,235,278,311,313,284,47,129,88,63,55,76,98,127,164,189,193,169
9880,IP-Pib-1,CS77175,-3.44,42.72,Spain,2335,3088,120,7999,146,547,2652,789,1211,3275,37,1485,38,346,130,8,56,61,237,136,214,68,75,13,75,166,114,82,88,122,139,170,210,242,242,215,13,80,42,25,17,35,48,78,108,129,133,114
9881,IP-Pie-0,CS77176,-5.32,40.46,Spain,7453,7322,180,26587,307,297,2835,1102,837,3863,90,890,21,344,305,6,42,35,147,59,126,42,94,-1,71,169,110,75,94,125,151,186,245,289,282,236,-8,61,19,1,-1,20,35,68,108,133,130,104
9882,IP-Pil-0,CS77178,-4.26,40.46,Spain,5549,6038,73,25150,202,382,3625,405,943,3638,76,773,28,407,1311,10,35,28,132,59,104,34,80,3,76,173,117,80,97,131,159,195,250,293,284,242,-2,76,31,10,3,29,49,80,123,153,151,121
9883,IP-Piq-0,CS77179,-2.56,42.1,Spain,4446,6923,55,21590,481,360,3312,1544,2102,5054,24,931,17,321,438,38,57,57,211,139,190,61,89,-6,48,142,89,54,63,96,119,154,208,249,245,209,-31,37,-1,-18,-25,-6,10,42,77,100,100,79
9885,IP-Prd-0,CS77189,-3.68,41.14,Spain,2236,4014,139,18219,600,319,3260,548,917,3775,106,1188,18,420,291,9,44,42,156,77,133,40,99,11,57,153,99,64,80,112,136,178,229,270,267,225,-14,60,16,-1,,11,30,60,102,134,134,102
9886,IP-Pru-0,CS77190,1.73,42.38,Spain,2149,3604,84,15801,302,283,3447,1450,268,3404,30,1123,25,531,5270,40,83,69,306,220,222,68,86,3,36,118,71,37,44,64,86,126,169,203,199,168,-27,44,3,-18,-28,-12,3,40,79,109,107,87
9888,IP-Pva-1,CS77197,-3.31,40.93,Spain,1651,5328,150,8443,262,304,1786,1354,447,4007,157,1562,29,698,6185,219,40,39,146,67,120,35,77,3,69,168,112,77,92,128,151,196,245,285,282,239,-2,74,28,7,3,24,46,79,118,151,150,120
9890,IP-Rib-1,CS77217,-5.07,43.16,Spain,1963,3478,128,6731,886,538,1975,310,1735,2336,201,1383,38,422,2324,69,53,62,281,153,219,66,84,5,72,158,115,87,84,110,131,159,204,233,232,205,0,64,34,17,5,25,34,61,92,110,114,98
9891,IP-Sal-0,CS77230,2.92,41.93,Spain,2823,5288,113,5651,2447,337,3220,1090,628,3300,31,1397,29,531,16504,24,69,48,237,139,158,47,111,44,111,194,150,121,122,143,164,200,240,269,267,240,44,126,83,56,53,74,91,127,162,188,187,167
9892,IP-Sam-0,CS77231,-6.96,42.68,Spain,3373,5900,147,5086,120,213,2817,268,2660,2987,180,1362,37,662,864,29,80,101,354,115,334,108,91,7,73,158,104,76,91,113,134,167,213,243,246,209,-2,64,22,2,7,28,37,66,97,118,118,98
9894,IP-Sen-0,CS77243,0.76,42.59,Spain,2813,3747,153,6566,185,490,2368,628,488,1496,231,1494,59,614,3538,22,105,87,354,281,284,89,91,11,10,91,46,12,15,39,60,97,139,173,169,139,-56,16,-24,-47,-58,-40,-25,11,51,80,78,57
9895,IP-Sfb-6,CS77248,2.57,41.78,Spain,3261,5902,126,6292,216,351,2883,395,928,2081,11,1336,27,434,3892,20,72,53,246,162,169,49,107,44,107,192,147,114,120,141,166,202,243,271,268,238,44,128,83,56,54,74,93,127,163,190,190,170
9897,IP-Smt-1,CS77257,-5.63,40.95,Spain,3661,5916,84,6320,193,539,2051,299,27,2475,28,1575,30,546,4708,9,34,33,140,53,119,36,82,4,79,184,122,82,104,138,165,200,257,296,292,250,0,67,26,6,4,28,44,77,114,136,134,109
9898,IP-Som-0,CS77259,-3.58,41.14,Spain,3482,5634,129,5493,200,344,2294,575,1325,3413,46,1391,34,535,4421,11,59,53,203,108,171,53,100,-7,36,123,70,40,55,80,100,142,197,243,240,197,-40,27,-15,-28,-36,-21,-7,25,65,97,97,69
9899,IP-Tau-0,CS77342,0.84,42.54,Spain,3959,2894,77,17537,228,328,3387,995,835,3813,30,979,22,362,175,0,99,81,341,262,264,82,100,20,18,100,54,19,25,49,70,107,149,183,180,149,-49,23,-17,-40,-50,-32,-17,20,59,88,86,65
9900,IP-Tri-0,CS77386,-6.01,37.38,Spain,3930,4202,108,9394,406,298,3543,415,1911,3266,78,1353,40,319,720,1,66,72,244,18,230,76,149,56,149,253,193,155,169,196,229,261,314,360,356,317,56,138,99,67,68,91,110,138,170,194,197,176
9901,IP-Urd-1,CS78824,-2.98,42.27,Spain,5195,4612,107,20720,111,469,1952,378,639,4347,179,1163,35,394,166,5,64,64,230,150,214,69,103,-1,37,130,75,42,52,83,103,139,191,232,230,193,-35,31,-7,-23,-31,-14,-1,31,66,89,92,70
9902,IP-Usa-0,CS78825,-3.24,40.71,Spain,3174,3137,149,11003,188,362,2794,1752,921,2222,21,1135,28,590,1188,20,38,37,143,59,113,32,84,10,75,175,118,84,98,134,157,205,252,292,290,245,4,81,34,12,10,31,54,88,127,161,160,129
9903,IP-Val-0,CS78829,-3.1,42.31,Spain,3074,3135,194,8232,328,320,2186,1530,9,2310,87,1481,9,540,178,6,54,56,203,132,189,61,89,1,49,144,89,54,66,98,119,155,204,244,242,206,-21,46,7,,-16,1,15,47,80,103,106,85
9904,IP-Vas-0,CS78833,-3.31,40.95,Spain,2591,3151,145,4614,90,410,2011,1004,634,2211,36,1305,15,630,795,24,40,39,146,67,120,35,77,3,69,168,112,77,92,128,151,196,245,285,282,239,-2,74,28,7,3,24,46,79,118,151,150,120
9905,IP-Ven-0,CS78840,-4.01,40.76,Spain,4092,3715,205,14909,627,185,2589,2714,265,5783,44,1364,15,348,226,0,56,46,197,98,158,50,100,-7,43,124,71,43,60,83,100,142,198,246,242,198,-36,29,-14,-24,-32,-18,-7,25,67,100,100,71
9906,IP-Mah-6,CS77063,4.25,40,Spain,5236,4549,129,14615,141,310,4231,1148,668,4072,234,1078,30,262,200,1,48,49,255,44,183,60,139,76,139,219,178,148,142,158,178,214,254,284,285,262,76,152,115,91,76,88,105,135,173,202,207,188
9915,MAR-4-16,CS77069,3.94,47.45,France,2479,3894,213,9147,240,461,1741,481,661,2387,490,1322,12,320,409,8,55,62,214,169,206,70,91,23,48,147,91,55,60,115,147,185,214,236,232,202,,66,31,3,-6,23,47,81,114,132,130,109
9918,SAUL-24,CS77237,5.21,47.43,France,2991,4287,67,9852,271,565,3143,688,761,2935,133,1099,22,378,534,5,52,61,212,167,198,68,89,21,42,150,89,48,61,117,153,193,224,246,242,209,-14,65,27,-1,-8,21,50,86,119,137,134,109
9920,DIR-9,CS76796,4.32,48.54,France,3597,4747,49,11592,285,435,2805,1094,1576,3739,34,1133,22,261,277,11,40,51,182,132,163,56,94,17,49,154,94,59,66,119,154,192,222,242,238,210,-10,60,30,4,-7,17,46,78,109,126,123,102
9924,PLY-20,CS77181,4.24,48.59,France,2255,2947,195,4193,83,453,2056,547,995,1363,170,1131,14,469,744,29,40,50,182,131,160,55,93,15,49,152,93,59,66,118,153,191,222,241,237,209,-10,59,29,4,-7,15,45,76,108,125,122,100
9927,ARR-17,CS76673,3.69,44.05,France,2803,4186,221,9593,212,567,1255,390,853,2917,44,1533,31,348,572,12,64,51,225,155,180,60,82,0,76,172,118,82,90,125,154,192,235,265,259,225,-3,75,35,9,0,27,49,84,117,140,138,116
9928,BEZ-9,CS76703,3.77,44.12,France,3103,4371,234,22143,316,362,3130,97,3027,3816,87,869,20,358,629,19,64,52,228,155,178,59,82,0,76,172,118,82,90,125,155,192,236,267,260,226,-3,75,35,9,0,27,50,85,118,141,139,116
9933,VED-10,CS78839,3.89,43.74,France,2408,3363,515,13619,180,784,1723,706,724,2968,286,1176,40,232,534,24,76,58,245,122,201,72,98,11,98,192,141,103,114,145,173,207,252,283,275,242,11,93,52,23,16,46,71,105,137,160,159,136
9937,CATS-6,CS76760,2.69,50.79,France,3651,6105,116,18104,353,433,1511,558,1336,3112,9,1242,17,389,743,2,51,43,208,138,159,55,95,26,53,146,96,62,61,95,126,160,192,209,212,192,6,79,44,18,10,26,52,83,109,128,130,113
9938,WAV-8,CS78854,2.99,50.65,France,4612,7868,307,15520,308,363,1860,466,58,3338,29,1468,19,307,1934,5,49,44,196,135,155,52,94,25,52,146,94,60,62,99,133,169,200,217,220,195,4,76,41,15,7,25,51,81,107,126,127,110
9941,Fei-0,CS76412,-8.54,40.92,POR,2797,2717,212,10301,318,559,1391,766,548,2994,31,1493,18,306,566,8,93,140,482,82,462,163,125,45,125,200,156,128,135,156,176,190,223,243,246,232,45,108,76,53,49,72,86,106,131,143,144,134
9944,Don-0,CS76411,-6.36,36.83,Spain,3355,4323,103,15447,428,340,3113,7,569,5650,34,1328,18,530,1092,2,64,64,239,14,220,70,151,74,151,235,188,156,163,181,202,234,265,298,298,276,74,150,110,81,85,102,117,148,175,197,204,185
9947,Ped-0,CS76415,-3.9,40.74,Spain,2118,2946,183,9934,700,556,1977,836,139,3475,138,1729,0,264,205,2,41,39,153,67,127,39,89,-1,67,163,107,71,89,123,149,189,241,281,276,234,-5,73,25,5,-1,22,42,73,116,149,148,115
10006,Kastel-1,CS76395,34.3814,44.6419,Ukraine,4200,4446,96,14950,314,320,2508,1046,1578,2095,123,1025,6,208,175,3,42,47,183,118,179,61,81,3,45,165,112,71,50,81,149,201,244,272,268,223,-22,76,40,7,-18,3,56,104,145,170,164,123
10014,Xan-1,CS76387,48.7992,38.6536,Azerbaijan,4007,4435,95,16056,251,358,3950,676,646,4567,30,1143,17,346,369,13,105,90,509,91,263,82,70,16,66,190,139,91,70,99,155,213,263,292,289,242,12,128,75,36,16,42,93,141,181,206,204,177
